Id,Category
000000,Boat
000001,Van
000002,Car
000003,Truck
000004,Bicycle
000005,Truck
000006,Car
000007,Boat
000008,Tank
000009,Car
000010,Motorcycle
000011,Car
000012,Bicycle
000013,Bus
000014,Car
000015,Bus
000016,Tank
000017,Car
000018,Car
000019,Car
000020,Car
000021,Car
000022,Car
000023,Car
000024,Bicycle
000025,Bicycle
000026,Car
000027,Car
000028,Car
000029,Car
000030,Boat
000031,Car
000032,Bus
000033,Car
000034,Motorcycle
000035,Car
000036,Car
000037,Boat
000038,Truck
000039,Motorcycle
000040,Boat
000041,Truck
000042,Boat
000043,Car
000044,Motorcycle
000045,Car
000046,Bicycle
000047,Car
000048,Motorcycle
000049,Bicycle
000050,Bicycle
000051,Car
000052,Boat
000053,Van
000054,Car
000055,Boat
000056,Boat
000057,Car
000058,Helicopter
000059,Truck
000060,Car
000061,Car
000062,Bicycle
000063,Bicycle
000064,Bus
000065,Van
000066,Car
000067,Boat
000068,Boat
000069,Car
000070,Bicycle
000071,Car
000072,Boat
000073,Car
000074,Car
000075,Car
000076,Truck
000077,Boat
000078,Truck
000079,Boat
000080,Taxi
000081,Car
000082,Bus
000083,Car
000084,Van
000085,Van
000086,Boat
000087,Helicopter
000088,Boat
000089,Ambulance
000090,Truck
000091,Van
000092,Boat
000093,Car
000094,Car
000095,Car
000096,Boat
000097,Truck
000098,Car
000099,Tank
000100,Bicycle
000101,Car
000102,Car
000103,Truck
000104,Truck
000105,Boat
000106,Taxi
000107,Car
000108,Truck
000109,Car
000110,Car
000111,Motorcycle
000112,Car
000113,Car
000114,Truck
000115,Car
000116,Car
000117,Car
000118,Tank
000119,Boat
000120,Car
000121,Helicopter
000122,Helicopter
000123,Boat
000124,Boat
000125,Car
000126,Car
000127,Car
000128,Boat
000129,Van
000130,Bus
000131,Car
000132,Car
000133,Bicycle
000134,Car
000135,Truck
000136,Van
000137,Motorcycle
000138,Car
000139,Motorcycle
000140,Boat
000141,Bicycle
000142,Motorcycle
000143,Car
000144,Car
000145,Truck
000146,Car
000147,Motorcycle
000148,Truck
000149,Car
000150,Car
000151,Motorcycle
000152,Car
000153,Caterpillar
000154,Car
000155,Car
000156,Boat
000157,Motorcycle
000158,Car
000159,Truck
000160,Car
000161,Truck
000162,Bus
000163,Bus
000164,Car
000165,Boat
000166,Car
000167,Car
000168,Boat
000169,Car
000170,Tank
000171,Bicycle
000172,Car
000173,Caterpillar
000174,Motorcycle
000175,Car
000176,Car
000177,Car
000178,Car
000179,Car
000180,Van
000181,Helicopter
000182,Car
000183,Helicopter
000184,Van
000185,Bicycle
000186,Motorcycle
000187,Boat
000188,Boat
000189,Car
000190,Boat
000191,Boat
000192,Truck
000193,Motorcycle
000194,Car
000195,Van
000196,Boat
000197,Car
000198,Car
000199,Car
000200,Car
000201,Tank
000202,Van
000203,Car
000204,Motorcycle
000205,Motorcycle
000206,Caterpillar
000207,Car
000208,Car
000209,Truck
000210,Car
000211,Car
000212,Motorcycle
000213,Bus
000214,Taxi
000215,Boat
000216,Van
000217,Helicopter
000218,Car
000219,Car
000220,Bus
000221,Car
000222,Boat
000223,Car
000224,Van
000225,Truck
000226,Boat
000227,Car
000228,Helicopter
000229,Van
000230,Car
000231,Bicycle
000232,Van
000233,Car
000234,Car
000235,Motorcycle
000236,Boat
000237,Car
000238,Motorcycle
000239,Helicopter
000240,Car
000241,Boat
000242,Boat
000243,Car
000244,Car
000245,Helicopter
000246,Truck
000247,Boat
000248,Boat
000249,Bus
000250,Bicycle
000251,Car
000252,Van
000253,Helicopter
000254,Car
000255,Bicycle
000256,Car
000257,Car
000258,Truck
000259,Bicycle
000260,Boat
000261,Boat
000262,Bicycle
000263,Boat
000264,Truck
000265,Motorcycle
000266,Boat
000267,Boat
000268,Car
000269,Motorcycle
000270,Boat
000271,Car
000272,Taxi
000273,Car
000274,Car
000275,Car
000276,Car
000277,Tank
000278,Car
000279,Car
000280,Car
000281,Bicycle
000282,Car
000283,Boat
000284,Helicopter
000285,Boat
000286,Van
000287,Motorcycle
000288,Car
000289,Helicopter
000290,Bicycle
000291,Van
000292,Boat
000293,Car
000294,Car
000295,Boat
000296,Truck
000297,Car
000298,Taxi
000299,Car
000300,Car
000301,Car
000302,Car
000303,Car
000304,Caterpillar
000305,Car
000306,Car
000307,Boat
000308,Car
000309,Car
000310,Car
000311,Car
000312,Car
000313,Car
000314,Car
000315,Car
000316,Boat
000317,Car
000318,Car
000319,Boat
000320,Car
000321,Bus
000322,Car
000323,Car
000324,Car
000325,Bus
000326,Car
000327,Helicopter
000328,Car
000329,Motorcycle
000330,Car
000331,Car
000332,Car
000333,Car
000334,Car
000335,Car
000336,Car
000337,Motorcycle
000338,Boat
000339,Car
000340,Car
000341,Boat
000342,Taxi
000343,Car
000344,Helicopter
000345,Car
000346,Car
000347,Car
000348,Truck
000349,Motorcycle
000350,Car
000351,Car
000352,Car
000353,Boat
000354,Car
000355,Boat
000356,Car
000357,Motorcycle
000358,Car
000359,Car
000360,Car
000361,Car
000362,Truck
000363,Car
000364,Bus
000365,Helicopter
000366,Car
000367,Car
000368,Car
000369,Car
000370,Boat
000371,Car
000372,Boat
000373,Truck
000374,Car
000375,Car
000376,Bicycle
000377,Car
000378,Taxi
000379,Car
000380,Boat
000381,Helicopter
000382,Car
000383,Bus
000384,Bus
000385,Boat
000386,Car
000387,Truck
000388,Motorcycle
000389,Car
000390,Boat
000391,Car
000392,Motorcycle
000393,Motorcycle
000394,Motorcycle
000395,Car
000396,Boat
000397,Car
000398,Car
000399,Truck
000400,Car
000401,Car
000402,Car
000403,Car
000404,Car
000405,Car
000406,Car
000407,Helicopter
000408,Car
000409,Car
000410,Van
000411,Bus
000412,Van
000413,Car
000414,Car
000415,Helicopter
000416,Car
000417,Truck
000418,Bicycle
000419,Car
000420,Bicycle
000421,Bus
000422,Bicycle
000423,Boat
000424,Van
000425,Car
000426,Boat
000427,Car
000428,Car
000429,Van
000430,Car
000431,Van
000432,Car
000433,Car
000434,Car
000435,Bus
000436,Car
000437,Car
000438,Boat
000439,Motorcycle
000440,Car
000441,Boat
000442,Car
000443,Truck
000444,Motorcycle
000445,Bicycle
000446,Car
000447,Car
000448,Car
000449,Car
000450,Car
000451,Truck
000452,Bicycle
000453,Boat
000454,Car
000455,Car
000456,Car
000457,Car
000458,Car
000459,Car
000460,Car
000461,Car
000462,Car
000463,Car
000464,Motorcycle
000465,Bus
000466,Helicopter
000467,Motorcycle
000468,Car
000469,Boat
000470,Car
000471,Car
000472,Boat
000473,Car
000474,Car
000475,Boat
000476,Truck
000477,Boat
000478,Car
000479,Boat
000480,Boat
000481,Boat
000482,Car
000483,Car
000484,Car
000485,Boat
000486,Truck
000487,Car
000488,Car
000489,Car
000490,Car
000491,Boat
000492,Car
000493,Bicycle
000494,Boat
000495,Tank
000496,Car
000497,Boat
000498,Van
000499,Bus
000500,Car
000501,Car
000502,Truck
000503,Boat
000504,Boat
000505,Car
000506,Car
000507,Car
000508,Car
000509,Car
000510,Bus
000511,Snowmobile
000512,Car
000513,Car
000514,Truck
000515,Truck
000516,Car
000517,Car
000518,Car
000519,Bicycle
000520,Bicycle
000521,Car
000522,Car
000523,Boat
000524,Truck
000525,Helicopter
000526,Car
000527,Car
000528,Bicycle
000529,Motorcycle
000530,Car
000531,Boat
000532,Van
000533,Car
000534,Car
000535,Bus
000536,Car
000537,Van
000538,Cart
000539,Car
000540,Helicopter
000541,Truck
000542,Helicopter
000543,Helicopter
000544,Car
000545,Car
000546,Car
000547,Bicycle
000548,Truck
000549,Helicopter
000550,Car
000551,Bicycle
000552,Car
000553,Boat
000554,Truck
000555,Car
000556,Boat
000557,Motorcycle
000558,Car
000559,Car
000560,Boat
000561,Motorcycle
000562,Motorcycle
000563,Boat
000564,Helicopter
000565,Boat
000566,Car
000567,Car
000568,Car
000569,Boat
000570,Truck
000571,Car
000572,Car
000573,Car
000574,Car
000575,Car
000576,Bicycle
000577,Car
000578,Bus
000579,Motorcycle
000580,Car
000581,Car
000582,Car
000583,Car
000584,Boat
000585,Motorcycle
000586,Boat
000587,Car
000588,Bicycle
000589,Boat
000590,Car
000591,Bus
000592,Motorcycle
000593,Car
000594,Car
000595,Boat
000596,Truck
000597,Bicycle
000598,Car
000599,Car
000600,Car
000601,Boat
000602,Boat
000603,Truck
000604,Car
000605,Boat
000606,Boat
000607,Truck
000608,Boat
000609,Car
000610,Boat
000611,Boat
000612,Boat
000613,Car
000614,Car
000615,Helicopter
000616,Helicopter
000617,Car
000618,Car
000619,Boat
000620,Taxi
000621,Truck
000622,Car
000623,Caterpillar
000624,Helicopter
000625,Car
000626,Boat
000627,Motorcycle
000628,Car
000629,Helicopter
000630,Boat
000631,Bicycle
000632,Bus
000633,Car
000634,Boat
000635,Car
000636,Car
000637,Car
000638,Bus
000639,Bicycle
000640,Van
000641,Car
000642,Car
000643,Taxi
000644,Truck
000645,Car
000646,Motorcycle
000647,Bus
000648,Motorcycle
000649,Boat
000650,Boat
000651,Boat
000652,Car
000653,Boat
000654,Car
000655,Boat
000656,Car
000657,Truck
000658,Bus
000659,Boat
000660,Car
000661,Car
000662,Car
000663,Car
000664,Boat
000665,Car
000666,Boat
000667,Car
000668,Car
000669,Car
000670,Car
000671,Helicopter
000672,Car
000673,Car
000674,Car
000675,Car
000676,Boat
000677,Car
000678,Car
000679,Tank
000680,Boat
000681,Car
000682,Car
000683,Car
000684,Car
000685,Bicycle
000686,Truck
000687,Truck
000688,Boat
000689,Car
000690,Car
000691,Car
000692,Car
000693,Car
000694,Car
000695,Boat
000696,Boat
000697,Car
000698,Car
000699,Car
000700,Van
000701,Van
000702,Motorcycle
000703,Bicycle
000704,Truck
000705,Car
000706,Car
000707,Car
000708,Helicopter
000709,Helicopter
000710,Bus
000711,Car
000712,Car
000713,Car
000714,Motorcycle
000715,Car
000716,Car
000717,Car
000718,Truck
000719,Boat
000720,Boat
000721,Helicopter
000722,Car
000723,Boat
000724,Car
000725,Car
000726,Truck
000727,Motorcycle
000728,Car
000729,Bicycle
000730,Car
000731,Snowmobile
000732,Truck
000733,Boat
000734,Taxi
000735,Motorcycle
000736,Caterpillar
000737,Van
000738,Car
000739,Boat
000740,Bicycle
000741,Car
000742,Boat
000743,Car
000744,Car
000745,Boat
000746,Car
000747,Car
000748,Truck
000749,Boat
000750,Boat
000751,Car
000752,Car
000753,Motorcycle
000754,Car
000755,Car
000756,Car
000757,Boat
000758,Car
000759,Helicopter
000760,Car
000761,Tank
000762,Helicopter
000763,Boat
000764,Car
000765,Car
000766,Caterpillar
000767,Car
000768,Truck
000769,Boat
000770,Motorcycle
000771,Motorcycle
000772,Motorcycle
000773,Boat
000774,Bus
000775,Car
000776,Car
000777,Car
000778,Car
000779,Boat
000780,Car
000781,Boat
000782,Car
000783,Car
000784,Van
000785,Truck
000786,Car
000787,Car
000788,Car
000789,Car
000790,Car
000791,Car
000792,Car
000793,Car
000794,Car
000795,Car
000796,Car
000797,Motorcycle
000798,Van
000799,Tank
000800,Boat
000801,Car
000802,Motorcycle
000803,Motorcycle
000804,Bus
000805,Truck
000806,Car
000807,Boat
000808,Boat
000809,Car
000810,Helicopter
000811,Car
000812,Car
000813,Car
000814,Van
000815,Car
000816,Car
000817,Car
000818,Boat
000819,Boat
000820,Boat
000821,Car
000822,Truck
000823,Car
000824,Truck
000825,Car
000826,Car
000827,Car
000828,Car
000829,Car
000830,Van
000831,Motorcycle
000832,Car
000833,Helicopter
000834,Car
000835,Segway
000836,Car
000837,Bus
000838,Taxi
000839,Car
000840,Car
000841,Car
000842,Car
000843,Van
000844,Truck
000845,Caterpillar
000846,Car
000847,Truck
000848,Boat
000849,Motorcycle
000850,Car
000851,Truck
000852,Car
000853,Car
000854,Car
000855,Car
000856,Truck
000857,Car
000858,Car
000859,Car
000860,Car
000861,Boat
000862,Boat
000863,Car
000864,Truck
000865,Motorcycle
000866,Bicycle
000867,Bus
000868,Car
000869,Boat
000870,Truck
000871,Car
000872,Motorcycle
000873,Boat
000874,Bus
000875,Car
000876,Boat
000877,Motorcycle
000878,Car
000879,Boat
000880,Car
000881,Motorcycle
000882,Car
000883,Truck
000884,Car
000885,Taxi
000886,Boat
000887,Car
000888,Car
000889,Car
000890,Motorcycle
000891,Van
000892,Car
000893,Motorcycle
000894,Truck
000895,Truck
000896,Car
000897,Car
000898,Car
000899,Truck
000900,Bicycle
000901,Van
000902,Car
000903,Taxi
000904,Bicycle
000905,Car
000906,Motorcycle
000907,Boat
000908,Car
000909,Motorcycle
000910,Car
000911,Car
000912,Boat
000913,Boat
000914,Helicopter
000915,Helicopter
000916,Boat
000917,Truck
000918,Car
000919,Car
000920,Caterpillar
000921,Bus
000922,Car
000923,Car
000924,Boat
000925,Car
000926,Car
000927,Bicycle
000928,Boat
000929,Car
000930,Boat
000931,Car
000932,Bus
000933,Van
000934,Boat
000935,Boat
000936,Van
000937,Car
000938,Motorcycle
000939,Bicycle
000940,Car
000941,Car
000942,Bus
000943,Car
000944,Bicycle
000945,Boat
000946,Car
000947,Truck
000948,Car
000949,Car
000950,Car
000951,Car
000952,Car
000953,Car
000954,Van
000955,Helicopter
000956,Car
000957,Bicycle
000958,Boat
000959,Van
000960,Car
000961,Car
000962,Car
000963,Motorcycle
000964,Boat
000965,Car
000966,Boat
000967,Car
000968,Caterpillar
000969,Caterpillar
000970,Truck
000971,Car
000972,Car
000973,Car
000974,Car
000975,Car
000976,Bus
000977,Motorcycle
000978,Car
000979,Truck
000980,Car
000981,Truck
000982,Car
000983,Helicopter
000984,Car
000985,Boat
000986,Bicycle
000987,Truck
000988,Taxi
000989,Bicycle
000990,Car
000991,Boat
000992,Car
000993,Bicycle
000994,Car
000995,Motorcycle
000996,Boat
000997,Boat
000998,Van
000999,Bus
001000,Bus
001001,Boat
001002,Boat
001003,Car
001004,Boat
001005,Car
001006,Car
001007,Helicopter
001008,Car
001009,Van
001010,Car
001011,Bus
001012,Car
001013,Bicycle
001014,Car
001015,Truck
001016,Car
001017,Car
001018,Car
001019,Motorcycle
001020,Boat
001021,Car
001022,Car
001023,Boat
001024,Car
001025,Motorcycle
001026,Truck
001027,Car
001028,Motorcycle
001029,Car
001030,Car
001031,Car
001032,Car
001033,Car
001034,Taxi
001035,Bus
001036,Car
001037,Bus
001038,Boat
001039,Car
001040,Motorcycle
001041,Car
001042,Helicopter
001043,Boat
001044,Truck
001045,Car
001046,Helicopter
001047,Truck
001048,Limousine
001049,Bicycle
001050,Van
001051,Tank
001052,Car
001053,Boat
001054,Caterpillar
001055,Motorcycle
001056,Taxi
001057,Car
001058,Bicycle
001059,Car
001060,Truck
001061,Boat
001062,Bus
001063,Car
001064,Bus
001065,Boat
001066,Boat
001067,Car
001068,Motorcycle
001069,Boat
001070,Motorcycle
001071,Car
001072,Car
001073,Truck
001074,Car
001075,Boat
001076,Truck
001077,Bicycle
001078,Car
001079,Motorcycle
001080,Truck
001081,Motorcycle
001082,Boat
001083,Car
001084,Car
001085,Boat
001086,Car
001087,Car
001088,Car
001089,Car
001090,Car
001091,Motorcycle
001092,Car
001093,Boat
001094,Motorcycle
001095,Bicycle
001096,Tank
001097,Motorcycle
001098,Car
001099,Car
001100,Car
001101,Boat
001102,Car
001103,Boat
001104,Segway
001105,Barge
001106,Car
001107,Car
001108,Car
001109,Helicopter
001110,Car
001111,Boat
001112,Helicopter
001113,Car
001114,Car
001115,Car
001116,Car
001117,Car
001118,Helicopter
001119,Car
001120,Bus
001121,Boat
001122,Truck
001123,Car
001124,Car
001125,Car
001126,Truck
001127,Boat
001128,Motorcycle
001129,Bus
001130,Van
001131,Car
001132,Car
001133,Boat
001134,Car
001135,Car
001136,Boat
001137,Car
001138,Boat
001139,Car
001140,Car
001141,Truck
001142,Car
001143,Car
001144,Motorcycle
001145,Car
001146,Car
001147,Boat
001148,Car
001149,Boat
001150,Car
001151,Car
001152,Car
001153,Boat
001154,Car
001155,Helicopter
001156,Car
001157,Car
001158,Van
001159,Truck
001160,Truck
001161,Motorcycle
001162,Car
001163,Motorcycle
001164,Van
001165,Boat
001166,Van
001167,Boat
001168,Boat
001169,Car
001170,Car
001171,Truck
001172,Car
001173,Car
001174,Boat
001175,Van
001176,Boat
001177,Car
001178,Boat
001179,Car
001180,Boat
001181,Boat
001182,Boat
001183,Boat
001184,Car
001185,Bicycle
001186,Car
001187,Car
001188,Car
001189,Boat
001190,Van
001191,Car
001192,Boat
001193,Car
001194,Car
001195,Car
001196,Car
001197,Car
001198,Car
001199,Boat
001200,Car
001201,Boat
001202,Boat
001203,Car
001204,Motorcycle
001205,Car
001206,Motorcycle
001207,Bicycle
001208,Car
001209,Bus
001210,Car
001211,Car
001212,Boat
001213,Car
001214,Motorcycle
001215,Car
001216,Motorcycle
001217,Car
001218,Car
001219,Boat
001220,Boat
001221,Boat
001222,Boat
001223,Car
001224,Car
001225,Helicopter
001226,Car
001227,Caterpillar
001228,Truck
001229,Car
001230,Car
001231,Motorcycle
001232,Truck
001233,Bicycle
001234,Car
001235,Car
001236,Helicopter
001237,Tank
001238,Car
001239,Van
001240,Helicopter
001241,Car
001242,Car
001243,Car
001244,Segway
001245,Car
001246,Car
001247,Car
001248,Car
001249,Boat
001250,Car
001251,Car
001252,Car
001253,Tank
001254,Caterpillar
001255,Boat
001256,Boat
001257,Boat
001258,Car
001259,Truck
001260,Boat
001261,Car
001262,Car
001263,Motorcycle
001264,Car
001265,Boat
001266,Helicopter
001267,Van
001268,Car
001269,Car
001270,Car
001271,Car
001272,Boat
001273,Car
001274,Car
001275,Boat
001276,Car
001277,Boat
001278,Car
001279,Car
001280,Van
001281,Van
001282,Car
001283,Car
001284,Boat
001285,Car
001286,Car
001287,Car
001288,Bus
001289,Truck
001290,Car
001291,Helicopter
001292,Bicycle
001293,Bus
001294,Truck
001295,Car
001296,Car
001297,Van
001298,Tank
001299,Car
001300,Van
001301,Car
001302,Truck
001303,Car
001304,Truck
001305,Car
001306,Car
001307,Car
001308,Boat
001309,Motorcycle
001310,Car
001311,Boat
001312,Motorcycle
001313,Boat
001314,Car
001315,Car
001316,Car
001317,Van
001318,Truck
001319,Truck
001320,Car
001321,Car
001322,Car
001323,Car
001324,Boat
001325,Segway
001326,Car
001327,Motorcycle
001328,Car
001329,Car
001330,Boat
001331,Motorcycle
001332,Car
001333,Boat
001334,Car
001335,Car
001336,Car
001337,Truck
001338,Truck
001339,Car
001340,Boat
001341,Boat
001342,Van
001343,Car
001344,Car
001345,Car
001346,Car
001347,Van
001348,Car
001349,Helicopter
001350,Car
001351,Car
001352,Van
001353,Tank
001354,Helicopter
001355,Car
001356,Boat
001357,Car
001358,Car
001359,Car
001360,Car
001361,Car
001362,Bicycle
001363,Bicycle
001364,Car
001365,Boat
001366,Boat
001367,Boat
001368,Boat
001369,Car
001370,Car
001371,Car
001372,Car
001373,Car
001374,Car
001375,Helicopter
001376,Car
001377,Helicopter
001378,Boat
001379,Car
001380,Car
001381,Car
001382,Boat
001383,Car
001384,Car
001385,Boat
001386,Car
001387,Car
001388,Truck
001389,Boat
001390,Car
001391,Car
001392,Truck
001393,Car
001394,Car
001395,Car
001396,Motorcycle
001397,Car
001398,Truck
001399,Motorcycle
001400,Truck
001401,Boat
001402,Car
001403,Car
001404,Car
001405,Car
001406,Car
001407,Boat
001408,Truck
001409,Car
001410,Helicopter
001411,Truck
001412,Car
001413,Car
001414,Car
001415,Boat
001416,Car
001417,Van
001418,Car
001419,Bicycle
001420,Boat
001421,Car
001422,Tank
001423,Boat
001424,Caterpillar
001425,Car
001426,Car
001427,Car
001428,Caterpillar
001429,Car
001430,Car
001431,Truck
001432,Bus
001433,Car
001434,Van
001435,Tank
001436,Car
001437,Bus
001438,Car
001439,Helicopter
001440,Car
001441,Boat
001442,Bus
001443,Helicopter
001444,Truck
001445,Bicycle
001446,Car
001447,Car
001448,Helicopter
001449,Car
001450,Car
001451,Boat
001452,Car
001453,Bicycle
001454,Car
001455,Boat
001456,Segway
001457,Motorcycle
001458,Car
001459,Van
001460,Car
001461,Car
001462,Car
001463,Boat
001464,Car
001465,Car
001466,Car
001467,Truck
001468,Boat
001469,Car
001470,Car
001471,Helicopter
001472,Car
001473,Motorcycle
001474,Bus
001475,Helicopter
001476,Car
001477,Car
001478,Car
001479,Bicycle
001480,Boat
001481,Van
001482,Car
001483,Car
001484,Truck
001485,Boat
001486,Boat
001487,Helicopter
001488,Car
001489,Car
001490,Truck
001491,Helicopter
001492,Motorcycle
001493,Boat
001494,Bicycle
001495,Car
001496,Car
001497,Car
001498,Bicycle
001499,Car
001500,Car
001501,Car
001502,Motorcycle
001503,Motorcycle
001504,Car
001505,Car
001506,Helicopter
001507,Car
001508,Car
001509,Helicopter
001510,Truck
001511,Van
001512,Van
001513,Van
001514,Car
001515,Helicopter
001516,Car
001517,Car
001518,Boat
001519,Boat
001520,Car
001521,Car
001522,Car
001523,Truck
001524,Car
001525,Car
001526,Car
001527,Boat
001528,Car
001529,Boat
001530,Helicopter
001531,Car
001532,Car
001533,Car
001534,Car
001535,Truck
001536,Car
001537,Bicycle
001538,Car
001539,Car
001540,Truck
001541,Truck
001542,Motorcycle
001543,Boat
001544,Car
001545,Car
001546,Motorcycle
001547,Car
001548,Bicycle
001549,Truck
001550,Boat
001551,Truck
001552,Bicycle
001553,Car
001554,Boat
001555,Van
001556,Boat
001557,Car
001558,Helicopter
001559,Car
001560,Car
001561,Car
001562,Car
001563,Boat
001564,Car
001565,Car
001566,Car
001567,Motorcycle
001568,Car
001569,Car
001570,Tank
001571,Car
001572,Boat
001573,Boat
001574,Car
001575,Car
001576,Car
001577,Boat
001578,Helicopter
001579,Boat
001580,Car
001581,Boat
001582,Car
001583,Car
001584,Truck
001585,Motorcycle
001586,Car
001587,Helicopter
001588,Helicopter
001589,Helicopter
001590,Van
001591,Bicycle
001592,Motorcycle
001593,Truck
001594,Car
001595,Car
001596,Car
001597,Boat
001598,Car
001599,Car
001600,Car
001601,Car
001602,Car
001603,Helicopter
001604,Car
001605,Boat
001606,Car
001607,Car
001608,Helicopter
001609,Bicycle
001610,Bus
001611,Car
001612,Car
001613,Car
001614,Car
001615,Boat
001616,Truck
001617,Car
001618,Car
001619,Motorcycle
001620,Boat
001621,Car
001622,Car
001623,Truck
001624,Boat
001625,Car
001626,Car
001627,Motorcycle
001628,Car
001629,Car
001630,Segway
001631,Car
001632,Truck
001633,Car
001634,Car
001635,Truck
001636,Car
001637,Boat
001638,Bicycle
001639,Boat
001640,Car
001641,Boat
001642,Boat
001643,Boat
001644,Motorcycle
001645,Car
001646,Helicopter
001647,Car
001648,Tank
001649,Car
001650,Car
001651,Car
001652,Motorcycle
001653,Bus
001654,Van
001655,Boat
001656,Boat
001657,Truck
001658,Truck
001659,Motorcycle
001660,Motorcycle
001661,Helicopter
001662,Van
001663,Car
001664,Helicopter
001665,Boat
001666,Truck
001667,Car
001668,Car
001669,Car
001670,Bicycle
001671,Car
001672,Car
001673,Car
001674,Car
001675,Car
001676,Boat
001677,Van
001678,Car
001679,Car
001680,Boat
001681,Car
001682,Car
001683,Car
001684,Tank
001685,Car
001686,Car
001687,Car
001688,Truck
001689,Car
001690,Boat
001691,Car
001692,Car
001693,Boat
001694,Motorcycle
001695,Van
001696,Truck
001697,Car
001698,Car
001699,Car
001700,Motorcycle
001701,Car
001702,Boat
001703,Boat
001704,Car
001705,Taxi
001706,Car
001707,Car
001708,Car
001709,Truck
001710,Van
001711,Bus
001712,Car
001713,Car
001714,Car
001715,Car
001716,Car
001717,Car
001718,Helicopter
001719,Car
001720,Truck
001721,Boat
001722,Boat
001723,Car
001724,Motorcycle
001725,Boat
001726,Helicopter
001727,Car
001728,Truck
001729,Boat
001730,Car
001731,Boat
001732,Boat
001733,Car
001734,Bicycle
001735,Car
001736,Car
001737,Boat
001738,Motorcycle
001739,Car
001740,Car
001741,Bus
001742,Car
001743,Car
001744,Car
001745,Car
001746,Truck
001747,Car
001748,Car
001749,Car
001750,Car
001751,Car
001752,Boat
001753,Car
001754,Truck
001755,Boat
001756,Car
001757,Car
001758,Bicycle
001759,Car
001760,Boat
001761,Boat
001762,Car
001763,Car
001764,Car
001765,Car
001766,Boat
001767,Car
001768,Helicopter
001769,Car
001770,Car
001771,Boat
001772,Car
001773,Truck
001774,Car
001775,Car
001776,Boat
001777,Bus
001778,Car
001779,Car
001780,Car
001781,Car
001782,Car
001783,Car
001784,Boat
001785,Boat
001786,Bicycle
001787,Car
001788,Car
001789,Caterpillar
001790,Car
001791,Car
001792,Car
001793,Bicycle
001794,Boat
001795,Segway
001796,Boat
001797,Car
001798,Van
001799,Car
001800,Car
001801,Truck
001802,Car
001803,Car
001804,Car
001805,Bus
001806,Car
001807,Boat
001808,Boat
001809,Car
001810,Car
001811,Car
001812,Car
001813,Car
001814,Car
001815,Boat
001816,Car
001817,Car
001818,Car
001819,Car
001820,Boat
001821,Car
001822,Bicycle
001823,Car
001824,Truck
001825,Car
001826,Motorcycle
001827,Bicycle
001828,Boat
001829,Car
001830,Truck
001831,Car
001832,Car
001833,Bicycle
001834,Truck
001835,Truck
001836,Car
001837,Boat
001838,Car
001839,Car
001840,Car
001841,Van
001842,Car
001843,Car
001844,Car
001845,Tank
001846,Car
001847,Van
001848,Truck
001849,Boat
001850,Car
001851,Car
001852,Car
001853,Motorcycle
001854,Car
001855,Boat
001856,Boat
001857,Truck
001858,Car
001859,Car
001860,Car
001861,Van
001862,Truck
001863,Tank
001864,Boat
001865,Car
001866,Boat
001867,Van
001868,Car
001869,Motorcycle
001870,Truck
001871,Motorcycle
001872,Car
001873,Truck
001874,Car
001875,Motorcycle
001876,Car
001877,Truck
001878,Helicopter
001879,Boat
001880,Taxi
001881,Bus
001882,Bicycle
001883,Truck
001884,Motorcycle
001885,Car
001886,Car
001887,Car
001888,Car
001889,Car
001890,Boat
001891,Van
001892,Car
001893,Boat
001894,Car
001895,Truck
001896,Boat
001897,Truck
001898,Car
001899,Boat
001900,Boat
001901,Van
001902,Car
001903,Car
001904,Car
001905,Van
001906,Motorcycle
001907,Car
001908,Tank
001909,Truck
001910,Car
001911,Boat
001912,Taxi
001913,Car
001914,Car
001915,Boat
001916,Boat
001917,Car
001918,Truck
001919,Car
001920,Truck
001921,Car
001922,Car
001923,Car
001924,Car
001925,Van
001926,Car
001927,Truck
001928,Truck
001929,Car
001930,Boat
001931,Car
001932,Van
001933,Car
001934,Van
001935,Car
001936,Bicycle
001937,Car
001938,Caterpillar
001939,Boat
001940,Helicopter
001941,Car
001942,Car
001943,Car
001944,Bus
001945,Car
001946,Car
001947,Boat
001948,Bicycle
001949,Truck
001950,Car
001951,Car
001952,Car
001953,Car
001954,Car
001955,Car
001956,Boat
001957,Car
001958,Boat
001959,Boat
001960,Car
001961,Car
001962,Helicopter
001963,Truck
001964,Boat
001965,Boat
001966,Car
001967,Taxi
001968,Car
001969,Truck
001970,Helicopter
001971,Car
001972,Car
001973,Car
001974,Truck
001975,Bicycle
001976,Helicopter
001977,Bus
001978,Bicycle
001979,Car
001980,Truck
001981,Boat
001982,Car
001983,Car
001984,Car
001985,Car
001986,Boat
001987,Car
001988,Bicycle
001989,Boat
001990,Truck
001991,Car
001992,Car
001993,Boat
001994,Truck
001995,Boat
001996,Truck
001997,Truck
001998,Bicycle
001999,Bus
002000,Boat
002001,Car
002002,Bus
002003,Car
002004,Boat
002005,Car
002006,Car
002007,Bicycle
002008,Car
002009,Car
002010,Motorcycle
002011,Helicopter
002012,Truck
002013,Car
002014,Helicopter
002015,Boat
002016,Boat
002017,Car
002018,Van
002019,Car
002020,Car
002021,Truck
002022,Segway
002023,Car
002024,Helicopter
002025,Bus
002026,Bus
002027,Caterpillar
002028,Boat
002029,Car
002030,Bus
002031,Car
002032,Motorcycle
002033,Car
002034,Boat
002035,Boat
002036,Car
002037,Motorcycle
002038,Car
002039,Car
002040,Car
002041,Car
002042,Car
002043,Motorcycle
002044,Car
002045,Car
002046,Car
002047,Helicopter
002048,Bicycle
002049,Car
002050,Helicopter
002051,Motorcycle
002052,Bus
002053,Helicopter
002054,Boat
002055,Car
002056,Boat
002057,Truck
002058,Car
002059,Motorcycle
002060,Van
002061,Car
002062,Boat
002063,Car
002064,Boat
002065,Car
002066,Boat
002067,Helicopter
002068,Boat
002069,Segway
002070,Boat
002071,Car
002072,Boat
002073,Motorcycle
002074,Bicycle
002075,Van
002076,Motorcycle
002077,Bicycle
002078,Ambulance
002079,Taxi
002080,Boat
002081,Car
002082,Bus
002083,Car
002084,Car
002085,Car
002086,Car
002087,Truck
002088,Truck
002089,Car
002090,Boat
002091,Car
002092,Van
002093,Car
002094,Car
002095,Car
002096,Car
002097,Car
002098,Van
002099,Car
002100,Car
002101,Car
002102,Truck
002103,Car
002104,Car
002105,Car
002106,Motorcycle
002107,Boat
002108,Car
002109,Car
002110,Truck
002111,Boat
002112,Boat
002113,Truck
002114,Car
002115,Motorcycle
002116,Boat
002117,Motorcycle
002118,Car
002119,Truck
002120,Bus
002121,Van
002122,Helicopter
002123,Car
002124,Car
002125,Car
002126,Car
002127,Taxi
002128,Car
002129,Bicycle
002130,Boat
002131,Car
002132,Helicopter
002133,Bus
002134,Car
002135,Car
002136,Motorcycle
002137,Boat
002138,Car
002139,Car
002140,Bus
002141,Bus
002142,Motorcycle
002143,Motorcycle
002144,Caterpillar
002145,Car
002146,Bus
002147,Motorcycle
002148,Caterpillar
002149,Boat
002150,Boat
002151,Car
002152,Boat
002153,Car
002154,Car
002155,Bus
002156,Car
002157,Truck
002158,Caterpillar
002159,Car
002160,Van
002161,Helicopter
002162,Car
002163,Bicycle
002164,Car
002165,Truck
002166,Boat
002167,Car
002168,Truck
002169,Car
002170,Van
002171,Bicycle
002172,Car
002173,Car
002174,Car
002175,Car
002176,Truck
002177,Bicycle
002178,Car
002179,Boat
002180,Caterpillar
002181,Car
002182,Car
002183,Car
002184,Car
002185,Truck
002186,Car
002187,Boat
002188,Car
002189,Van
002190,Boat
002191,Bicycle
002192,Boat
002193,Van
002194,Truck
002195,Car
002196,Car
002197,Car
002198,Boat
002199,Car
002200,Car
002201,Car
002202,Truck
002203,Truck
002204,Van
002205,Car
002206,Car
002207,Boat
002208,Boat
002209,Motorcycle
002210,Taxi
002211,Car
002212,Car
002213,Car
002214,Truck
002215,Car
002216,Motorcycle
002217,Boat
002218,Car
002219,Boat
002220,Car
002221,Car
002222,Motorcycle
002223,Boat
002224,Motorcycle
002225,Truck
002226,Boat
002227,Car
002228,Van
002229,Car
002230,Car
002231,Tank
002232,Boat
002233,Truck
002234,Car
002235,Motorcycle
002236,Bicycle
002237,Car
002238,Helicopter
002239,Van
002240,Truck
002241,Truck
002242,Helicopter
002243,Boat
002244,Tank
002245,Car
002246,Car
002247,Car
002248,Boat
002249,Car
002250,Car
002251,Boat
002252,Car
002253,Motorcycle
002254,Motorcycle
002255,Car
002256,Boat
002257,Car
002258,Caterpillar
002259,Car
002260,Boat
002261,Car
002262,Car
002263,Motorcycle
002264,Car
002265,Car
002266,Boat
002267,Car
002268,Boat
002269,Car
002270,Car
002271,Bicycle
002272,Car
002273,Car
002274,Car
002275,Car
002276,Motorcycle
002277,Car
002278,Bicycle
002279,Car
002280,Truck
002281,Car
002282,Bicycle
002283,Car
002284,Bus
002285,Tank
002286,Car
002287,Truck
002288,Bus
002289,Bicycle
002290,Car
002291,Car
002292,Car
002293,Car
002294,Truck
002295,Car
002296,Car
002297,Van
002298,Bus
002299,Bus
002300,Helicopter
002301,Bicycle
002302,Bus
002303,Bicycle
002304,Boat
002305,Bicycle
002306,Truck
002307,Car
002308,Car
002309,Boat
002310,Boat
002311,Car
002312,Car
002313,Bicycle
002314,Truck
002315,Car
002316,Car
002317,Boat
002318,Car
002319,Car
002320,Car
002321,Boat
002322,Boat
002323,Car
002324,Motorcycle
002325,Car
002326,Car
002327,Car
002328,Car
002329,Car
002330,Car
002331,Car
002332,Car
002333,Boat
002334,Car
002335,Car
002336,Boat
002337,Boat
002338,Boat
002339,Boat
002340,Bicycle
002341,Boat
002342,Car
002343,Boat
002344,Segway
002345,Car
002346,Truck
002347,Boat
002348,Car
002349,Bus
002350,Car
002351,Bicycle
002352,Car
002353,Car
002354,Motorcycle
002355,Truck
002356,Bus
002357,Car
002358,Car
002359,Car
002360,Car
002361,Car
002362,Boat
002363,Car
002364,Helicopter
002365,Car
002366,Car
002367,Car
002368,Car
002369,Truck
002370,Car
002371,Boat
002372,Car
002373,Bicycle
002374,Boat
002375,Car
002376,Car
002377,Car
002378,Bus
002379,Car
002380,Van
002381,Caterpillar
002382,Truck
002383,Motorcycle
002384,Motorcycle
002385,Helicopter
002386,Bus
002387,Car
002388,Motorcycle
002389,Car
002390,Car
002391,Van
002392,Car
002393,Boat
002394,Bus
002395,Boat
002396,Truck
002397,Car
002398,Boat
002399,Boat
002400,Car
002401,Helicopter
002402,Helicopter
002403,Boat
002404,Car
002405,Van
002406,Motorcycle
002407,Car
002408,Car
002409,Van
002410,Car
002411,Car
002412,Car
002413,Boat
002414,Motorcycle
002415,Car
002416,Car
002417,Motorcycle
002418,Boat
002419,Motorcycle
002420,Truck
002421,Motorcycle
002422,Van
002423,Car
002424,Car
002425,Car
002426,Car
002427,Car
002428,Boat
002429,Boat
002430,Car
002431,Car
002432,Car
002433,Car
002434,Motorcycle
002435,Car
002436,Boat
002437,Truck
002438,Car
002439,Car
002440,Car
002441,Motorcycle
002442,Car
002443,Car
002444,Boat
002445,Truck
002446,Car
002447,Boat
002448,Helicopter
002449,Van
002450,Car
002451,Bicycle
002452,Caterpillar
002453,Helicopter
002454,Motorcycle
002455,Bus
002456,Van
002457,Bus
002458,Helicopter
002459,Car
002460,Car
002461,Motorcycle
002462,Car
002463,Car
002464,Car
002465,Car
002466,Boat
002467,Car
002468,Car
002469,Car
002470,Boat
002471,Boat
002472,Taxi
002473,Car
002474,Car
002475,Boat
002476,Bicycle
002477,Taxi
002478,Bus
002479,Bus
002480,Helicopter
002481,Motorcycle
002482,Car
002483,Car
002484,Boat
002485,Motorcycle
002486,Bicycle
002487,Car
002488,Bicycle
002489,Car
002490,Car
002491,Boat
002492,Truck
002493,Car
002494,Car
002495,Car
002496,Boat
002497,Car
002498,Van
002499,Boat
002500,Car
002501,Tank
002502,Motorcycle
002503,Van
002504,Car
002505,Car
002506,Bus
002507,Car
002508,Truck
002509,Car
002510,Car
002511,Motorcycle
002512,Bicycle
002513,Car
002514,Truck
002515,Tank
002516,Boat
002517,Car
002518,Truck
002519,Car
002520,Boat
002521,Helicopter
002522,Motorcycle
002523,Motorcycle
002524,Car
002525,Car
002526,Van
002527,Car
002528,Car
002529,Boat
002530,Car
002531,Motorcycle
002532,Boat
002533,Car
002534,Car
002535,Car
002536,Car
002537,Car
002538,Car
002539,Car
002540,Car
002541,Bicycle
002542,Motorcycle
002543,Helicopter
002544,Boat
002545,Car
002546,Car
002547,Car
002548,Bus
002549,Car
002550,Car
002551,Motorcycle
002552,Truck
002553,Bicycle
002554,Boat
002555,Car
002556,Car
002557,Car
002558,Motorcycle
002559,Boat
002560,Van
002561,Boat
002562,Car
002563,Car
002564,Taxi
002565,Helicopter
002566,Car
002567,Boat
002568,Car
002569,Boat
002570,Boat
002571,Car
002572,Car
002573,Boat
002574,Helicopter
002575,Car
002576,Boat
002577,Car
002578,Car
002579,Car
002580,Boat
002581,Car
002582,Tank
002583,Car
002584,Car
002585,Bus
002586,Car
002587,Car
002588,Bicycle
002589,Car
002590,Boat
002591,Car
002592,Car
002593,Car
002594,Helicopter
002595,Boat
002596,Car
002597,Truck
002598,Helicopter
002599,Car
002600,Car
002601,Bicycle
002602,Boat
002603,Bicycle
002604,Bus
002605,Bus
002606,Car
002607,Helicopter
002608,Motorcycle
002609,Car
002610,Boat
002611,Car
002612,Caterpillar
002613,Boat
002614,Boat
002615,Car
002616,Boat
002617,Truck
002618,Boat
002619,Boat
002620,Car
002621,Boat
002622,Car
002623,Car
002624,Motorcycle
002625,Boat
002626,Bus
002627,Bicycle
002628,Bicycle
002629,Motorcycle
002630,Helicopter
002631,Boat
002632,Car
002633,Car
002634,Car
002635,Car
002636,Car
002637,Motorcycle
002638,Car
002639,Truck
002640,Boat
002641,Truck
002642,Car
002643,Boat
002644,Bicycle
002645,Tank
002646,Tank
002647,Helicopter
002648,Car
002649,Boat
002650,Bus
002651,Car
002652,Van
002653,Car
002654,Car
002655,Car
002656,Car
002657,Car
002658,Car
002659,Car
002660,Car
002661,Truck
002662,Car
002663,Car
002664,Boat
002665,Bus
002666,Car
002667,Bus
002668,Van
002669,Tank
002670,Car
002671,Bicycle
002672,Car
002673,Car
002674,Motorcycle
002675,Boat
002676,Car
002677,Boat
002678,Boat
002679,Car
002680,Car
002681,Van
002682,Car
002683,Car
002684,Car
002685,Bicycle
002686,Truck
002687,Car
002688,Car
002689,Boat
002690,Bus
002691,Truck
002692,Car
002693,Truck
002694,Car
002695,Caterpillar
002696,Boat
002697,Boat
002698,Car
002699,Car
002700,Bus
002701,Car
002702,Car
002703,Boat
002704,Car
002705,Car
002706,Boat
002707,Van
002708,Boat
002709,Bus
002710,Car
002711,Helicopter
002712,Car
002713,Truck
002714,Bicycle
002715,Car
002716,Car
002717,Truck
002718,Bicycle
002719,Truck
002720,Car
002721,Helicopter
002722,Car
002723,Car
002724,Car
002725,Motorcycle
002726,Car
002727,Car
002728,Car
002729,Car
002730,Car
002731,Car
002732,Boat
002733,Bus
002734,Car
002735,Car
002736,Helicopter
002737,Car
002738,Car
002739,Helicopter
002740,Car
002741,Boat
002742,Car
002743,Boat
002744,Car
002745,Car
002746,Car
002747,Car
002748,Car
002749,Car
002750,Car
002751,Car
002752,Car
002753,Car
002754,Car
002755,Car
002756,Car
002757,Car
002758,Car
002759,Car
002760,Car
002761,Motorcycle
002762,Boat
002763,Bicycle
002764,Car
002765,Car
002766,Bicycle
002767,Car
002768,Car
002769,Boat
002770,Boat
002771,Caterpillar
002772,Car
002773,Car
002774,Car
002775,Boat
002776,Car
002777,Boat
002778,Motorcycle
002779,Car
002780,Car
002781,Car
002782,Car
002783,Tank
002784,Car
002785,Bicycle
002786,Motorcycle
002787,Car
002788,Car
002789,Helicopter
002790,Car
002791,Car
002792,Car
002793,Car
002794,Bus
002795,Boat
002796,Boat
002797,Truck
002798,Boat
002799,Car
002800,Helicopter
002801,Bicycle
002802,Motorcycle
002803,Car
002804,Truck
002805,Car
002806,Motorcycle
002807,Car
002808,Boat
002809,Bicycle
002810,Car
002811,Boat
002812,Car
002813,Bicycle
002814,Bus
002815,Van
002816,Car
002817,Bicycle
002818,Segway
002819,Boat
002820,Helicopter
002821,Segway
002822,Car
002823,Car
002824,Bus
002825,Car
002826,Car
002827,Bicycle
002828,Car
002829,Car
002830,Truck
002831,Car
002832,Bus
002833,Car
002834,Car
002835,Car
002836,Boat
002837,Boat
002838,Boat
002839,Car
002840,Helicopter
002841,Car
002842,Car
002843,Car
002844,Car
002845,Boat
002846,Boat
002847,Tank
002848,Van
002849,Truck
002850,Truck
002851,Motorcycle
002852,Truck
002853,Boat
002854,Car
002855,Bus
002856,Helicopter
002857,Truck
002858,Van
002859,Truck
002860,Boat
002861,Car
002862,Bicycle
002863,Car
002864,Car
002865,Car
002866,Boat
002867,Truck
002868,Car
002869,Boat
002870,Boat
002871,Helicopter
002872,Truck
002873,Boat
002874,Helicopter
002875,Car
002876,Van
002877,Truck
002878,Car
002879,Car
002880,Car
002881,Car
002882,Boat
002883,Car
002884,Motorcycle
002885,Car
002886,Boat
002887,Motorcycle
002888,Car
002889,Car
002890,Motorcycle
002891,Truck
002892,Motorcycle
002893,Helicopter
002894,Motorcycle
002895,Motorcycle
002896,Car
002897,Car
002898,Car
002899,Bus
002900,Truck
002901,Bicycle
002902,Car
002903,Car
002904,Helicopter
002905,Car
002906,Car
002907,Boat
002908,Limousine
002909,Truck
002910,Car
002911,Car
002912,Car
002913,Truck
002914,Helicopter
002915,Motorcycle
002916,Car
002917,Car
002918,Motorcycle
002919,Car
002920,Car
002921,Car
002922,Car
002923,Car
002924,Motorcycle
002925,Motorcycle
002926,Boat
002927,Caterpillar
002928,Truck
002929,Motorcycle
002930,Truck
002931,Car
002932,Car
002933,Car
002934,Motorcycle
002935,Car
002936,Car
002937,Car
002938,Boat
002939,Car
002940,Motorcycle
002941,Van
002942,Truck
002943,Car
002944,Car
002945,Caterpillar
002946,Car
002947,Car
002948,Bicycle
002949,Car
002950,Segway
002951,Car
002952,Boat
002953,Car
002954,Car
002955,Bus
002956,Bus
002957,Boat
002958,Bicycle
002959,Car
002960,Tank
002961,Car
002962,Car
002963,Bus
002964,Car
002965,Car
002966,Car
002967,Helicopter
002968,Truck
002969,Truck
002970,Car
002971,Boat
002972,Van
002973,Boat
002974,Car
002975,Boat
002976,Car
002977,Van
002978,Car
002979,Ambulance
002980,Helicopter
002981,Motorcycle
002982,Car
002983,Car
002984,Car
002985,Caterpillar
002986,Boat
002987,Boat
002988,Car
002989,Motorcycle
002990,Bus
002991,Boat
002992,Car
002993,Car
002994,Taxi
002995,Truck
002996,Car
002997,Boat
002998,Car
002999,Boat
003000,Car
003001,Van
003002,Boat
003003,Boat
003004,Boat
003005,Car
003006,Car
003007,Helicopter
003008,Car
003009,Helicopter
003010,Car
003011,Boat
003012,Boat
003013,Van
003014,Car
003015,Car
003016,Motorcycle
003017,Car
003018,Helicopter
003019,Boat
003020,Boat
003021,Car
003022,Bicycle
003023,Truck
003024,Car
003025,Car
003026,Car
003027,Car
003028,Boat
003029,Truck
003030,Helicopter
003031,Boat
003032,Boat
003033,Bicycle
003034,Car
003035,Car
003036,Car
003037,Boat
003038,Motorcycle
003039,Truck
003040,Boat
003041,Car
003042,Van
003043,Boat
003044,Car
003045,Helicopter
003046,Car
003047,Car
003048,Car
003049,Bicycle
003050,Bicycle
003051,Car
003052,Boat
003053,Car
003054,Boat
003055,Car
003056,Car
003057,Car
003058,Boat
003059,Car
003060,Car
003061,Boat
003062,Boat
003063,Bicycle
003064,Bicycle
003065,Motorcycle
003066,Taxi
003067,Boat
003068,Tank
003069,Motorcycle
003070,Car
003071,Bicycle
003072,Car
003073,Bicycle
003074,Boat
003075,Bicycle
003076,Car
003077,Boat
003078,Van
003079,Boat
003080,Car
003081,Motorcycle
003082,Car
003083,Car
003084,Truck
003085,Motorcycle
003086,Truck
003087,Car
003088,Car
003089,Caterpillar
003090,Truck
003091,Car
003092,Truck
003093,Car
003094,Bicycle
003095,Car
003096,Helicopter
003097,Car
003098,Car
003099,Boat
003100,Car
003101,Truck
003102,Bus
003103,Taxi
003104,Car
003105,Truck
003106,Caterpillar
003107,Motorcycle
003108,Van
003109,Car
003110,Car
003111,Truck
003112,Van
003113,Boat
003114,Tank
003115,Motorcycle
003116,Car
003117,Car
003118,Car
003119,Snowmobile
003120,Boat
003121,Truck
003122,Truck
003123,Car
003124,Car
003125,Bus
003126,Truck
003127,Bus
003128,Motorcycle
003129,Car
003130,Van
003131,Car
003132,Boat
003133,Car
003134,Car
003135,Bicycle
003136,Boat
003137,Boat
003138,Boat
003139,Car
003140,Bicycle
003141,Motorcycle
003142,Boat
003143,Segway
003144,Car
003145,Car
003146,Car
003147,Helicopter
003148,Bus
003149,Boat
003150,Car
003151,Car
003152,Truck
003153,Boat
003154,Car
003155,Helicopter
003156,Car
003157,Car
003158,Car
003159,Motorcycle
003160,Car
003161,Bicycle
003162,Car
003163,Motorcycle
003164,Car
003165,Bus
003166,Caterpillar
003167,Van
003168,Car
003169,Motorcycle
003170,Motorcycle
003171,Boat
003172,Car
003173,Motorcycle
003174,Truck
003175,Boat
003176,Car
003177,Boat
003178,Tank
003179,Car
003180,Car
003181,Caterpillar
003182,Car
003183,Car
003184,Van
003185,Car
003186,Bicycle
003187,Van
003188,Car
003189,Motorcycle
003190,Boat
003191,Bicycle
003192,Car
003193,Van
003194,Car
003195,Car
003196,Car
003197,Car
003198,Car
003199,Car
003200,Car
003201,Bicycle
003202,Car
003203,Car
003204,Car
003205,Car
003206,Helicopter
003207,Boat
003208,Boat
003209,Car
003210,Car
003211,Car
003212,Car
003213,Car
003214,Car
003215,Motorcycle
003216,Car
003217,Car
003218,Caterpillar
003219,Car
003220,Truck
003221,Boat
003222,Car
003223,Van
003224,Car
003225,Truck
003226,Boat
003227,Boat
003228,Truck
003229,Truck
003230,Bicycle
003231,Car
003232,Car
003233,Motorcycle
003234,Helicopter
003235,Helicopter
003236,Car
003237,Car
003238,Truck
003239,Car
003240,Boat
003241,Car
003242,Caterpillar
003243,Van
003244,Car
003245,Tank
003246,Car
003247,Car
003248,Car
003249,Motorcycle
003250,Car
003251,Car
003252,Boat
003253,Car
003254,Taxi
003255,Boat
003256,Motorcycle
003257,Car
003258,Car
003259,Caterpillar
003260,Boat
003261,Motorcycle
003262,Car
003263,Motorcycle
003264,Boat
003265,Car
003266,Car
003267,Boat
003268,Van
003269,Car
003270,Van
003271,Bicycle
003272,Car
003273,Car
003274,Car
003275,Boat
003276,Car
003277,Car
003278,Boat
003279,Bicycle
003280,Car
003281,Car
003282,Truck
003283,Car
003284,Bus
003285,Car
003286,Car
003287,Car
003288,Car
003289,Boat
003290,Car
003291,Car
003292,Car
003293,Car
003294,Bus
003295,Boat
003296,Car
003297,Motorcycle
003298,Truck
003299,Boat
003300,Car
003301,Helicopter
003302,Car
003303,Bicycle
003304,Truck
003305,Car
003306,Car
003307,Boat
003308,Car
003309,Motorcycle
003310,Truck
003311,Boat
003312,Bicycle
003313,Car
003314,Boat
003315,Car
003316,Boat
003317,Car
003318,Boat
003319,Car
003320,Car
003321,Snowmobile
003322,Car
003323,Car
003324,Car
003325,Car
003326,Car
003327,Bus
003328,Car
003329,Car
003330,Helicopter
003331,Boat
003332,Motorcycle
003333,Truck
003334,Car
003335,Motorcycle
003336,Motorcycle
003337,Car
003338,Bicycle
003339,Car
003340,Helicopter
003341,Boat
003342,Car
003343,Boat
003344,Truck
003345,Car
003346,Car
003347,Car
003348,Car
003349,Van
003350,Car
003351,Van
003352,Motorcycle
003353,Car
003354,Helicopter
003355,Bicycle
003356,Car
003357,Helicopter
003358,Car
003359,Tank
003360,Helicopter
003361,Van
003362,Bicycle
003363,Bus
003364,Car
003365,Car
003366,Boat
003367,Boat
003368,Boat
003369,Car
003370,Boat
003371,Boat
003372,Motorcycle
003373,Snowmobile
003374,Car
003375,Car
003376,Truck
003377,Car
003378,Car
003379,Boat
003380,Truck
003381,Car
003382,Bus
003383,Truck
003384,Car
003385,Motorcycle
003386,Car
003387,Taxi
003388,Car
003389,Car
003390,Boat
003391,Car
003392,Boat
003393,Motorcycle
003394,Motorcycle
003395,Car
003396,Car
003397,Car
003398,Car
003399,Van
003400,Boat
003401,Helicopter
003402,Bicycle
003403,Van
003404,Boat
003405,Truck
003406,Bus
003407,Car
003408,Car
003409,Car
003410,Car
003411,Motorcycle
003412,Motorcycle
003413,Boat
003414,Bus
003415,Boat
003416,Motorcycle
003417,Car
003418,Car
003419,Car
003420,Car
003421,Bicycle
003422,Helicopter
003423,Motorcycle
003424,Helicopter
003425,Car
003426,Car
003427,Bicycle
003428,Car
003429,Car
003430,Car
003431,Car
003432,Caterpillar
003433,Car
003434,Car
003435,Motorcycle
003436,Car
003437,Motorcycle
003438,Caterpillar
003439,Bicycle
003440,Bicycle
003441,Car
003442,Car
003443,Helicopter
003444,Bus
003445,Car
003446,Car
003447,Boat
003448,Van
003449,Boat
003450,Boat
003451,Car
003452,Bus
003453,Tank
003454,Car
003455,Car
003456,Boat
003457,Truck
003458,Van
003459,Boat
003460,Boat
003461,Helicopter
003462,Car
003463,Bus
003464,Motorcycle
003465,Car
003466,Bicycle
003467,Truck
003468,Bicycle
003469,Boat
003470,Car
003471,Car
003472,Caterpillar
003473,Bicycle
003474,Car
003475,Boat
003476,Car
003477,Bicycle
003478,Van
003479,Car
003480,Boat
003481,Boat
003482,Bus
003483,Car
003484,Car
003485,Van
003486,Car
003487,Truck
003488,Boat
003489,Car
003490,Helicopter
003491,Car
003492,Car
003493,Boat
003494,Car
003495,Truck
003496,Car
003497,Car
003498,Truck
003499,Car
003500,Car
003501,Truck
003502,Car
003503,Car
003504,Van
003505,Boat
003506,Car
003507,Car
003508,Boat
003509,Boat
003510,Car
003511,Car
003512,Car
003513,Car
003514,Car
003515,Helicopter
003516,Car
003517,Car
003518,Car
003519,Boat
003520,Car
003521,Motorcycle
003522,Boat
003523,Tank
003524,Bicycle
003525,Motorcycle
003526,Car
003527,Car
003528,Bus
003529,Bicycle
003530,Car
003531,Motorcycle
003532,Car
003533,Car
003534,Truck
003535,Bicycle
003536,Boat
003537,Segway
003538,Boat
003539,Car
003540,Car
003541,Car
003542,Boat
003543,Boat
003544,Car
003545,Bus
003546,Truck
003547,Car
003548,Car
003549,Car
003550,Motorcycle
003551,Car
003552,Helicopter
003553,Car
003554,Car
003555,Truck
003556,Motorcycle
003557,Car
003558,Car
003559,Motorcycle
003560,Boat
003561,Truck
003562,Van
003563,Car
003564,Taxi
003565,Car
003566,Car
003567,Boat
003568,Truck
003569,Truck
003570,Motorcycle
003571,Boat
003572,Boat
003573,Car
003574,Car
003575,Car
003576,Bicycle
003577,Car
003578,Boat
003579,Car
003580,Car
003581,Car
003582,Bus
003583,Car
003584,Tank
003585,Motorcycle
003586,Car
003587,Boat
003588,Car
003589,Car
003590,Bus
003591,Car
003592,Car
003593,Bicycle
003594,Boat
003595,Car
003596,Car
003597,Truck
003598,Car
003599,Truck
003600,Van
003601,Bicycle
003602,Tank
003603,Bus
003604,Car
003605,Car
003606,Boat
003607,Boat
003608,Car
003609,Car
003610,Motorcycle
003611,Truck
003612,Car
003613,Boat
003614,Car
003615,Car
003616,Bicycle
003617,Car
003618,Boat
003619,Boat
003620,Car
003621,Motorcycle
003622,Boat
003623,Caterpillar
003624,Car
003625,Motorcycle
003626,Helicopter
003627,Motorcycle
003628,Car
003629,Car
003630,Boat
003631,Car
003632,Car
003633,Boat
003634,Car
003635,Helicopter
003636,Bus
003637,Motorcycle
003638,Boat
003639,Boat
003640,Bicycle
003641,Truck
003642,Bicycle
003643,Van
003644,Car
003645,Boat
003646,Car
003647,Car
003648,Car
003649,Boat
003650,Boat
003651,Car
003652,Car
003653,Boat
003654,Boat
003655,Car
003656,Car
003657,Car
003658,Car
003659,Boat
003660,Boat
003661,Car
003662,Van
003663,Car
003664,Truck
003665,Bicycle
003666,Car
003667,Car
003668,Bus
003669,Motorcycle
003670,Boat
003671,Bicycle
003672,Helicopter
003673,Car
003674,Boat
003675,Boat
003676,Boat
003677,Car
003678,Car
003679,Car
003680,Car
003681,Boat
003682,Car
003683,Taxi
003684,Motorcycle
003685,Bicycle
003686,Car
003687,Van
003688,Car
003689,Boat
003690,Boat
003691,Boat
003692,Caterpillar
003693,Boat
003694,Car
003695,Bus
003696,Car
003697,Motorcycle
003698,Car
003699,Taxi
003700,Bus
003701,Car
003702,Car
003703,Motorcycle
003704,Boat
003705,Bus
003706,Car
003707,Car
003708,Car
003709,Bicycle
003710,Car
003711,Tank
003712,Boat
003713,Car
003714,Motorcycle
003715,Car
003716,Bicycle
003717,Car
003718,Motorcycle
003719,Bicycle
003720,Caterpillar
003721,Boat
003722,Car
003723,Car
003724,Bicycle
003725,Car
003726,Car
003727,Van
003728,Car
003729,Car
003730,Car
003731,Car
003732,Boat
003733,Boat
003734,Car
003735,Car
003736,Car
003737,Motorcycle
003738,Motorcycle
003739,Motorcycle
003740,Car
003741,Car
003742,Car
003743,Boat
003744,Car
003745,Truck
003746,Boat
003747,Car
003748,Car
003749,Car
003750,Car
003751,Motorcycle
003752,Snowmobile
003753,Taxi
003754,Van
003755,Car
003756,Boat
003757,Motorcycle
003758,Bicycle
003759,Car
003760,Boat
003761,Car
003762,Car
003763,Car
003764,Car
003765,Boat
003766,Car
003767,Truck
003768,Boat
003769,Car
003770,Van
003771,Helicopter
003772,Boat
003773,Caterpillar
003774,Car
003775,Truck
003776,Van
003777,Taxi
003778,Boat
003779,Caterpillar
003780,Car
003781,Car
003782,Boat
003783,Truck
003784,Car
003785,Bicycle
003786,Van
003787,Car
003788,Car
003789,Car
003790,Helicopter
003791,Boat
003792,Car
003793,Boat
003794,Motorcycle
003795,Car
003796,Helicopter
003797,Car
003798,Car
003799,Tank
003800,Segway
003801,Truck
003802,Car
003803,Car
003804,Car
003805,Truck
003806,Caterpillar
003807,Helicopter
003808,Bicycle
003809,Truck
003810,Boat
003811,Boat
003812,Truck
003813,Car
003814,Boat
003815,Van
003816,Car
003817,Car
003818,Car
003819,Boat
003820,Car
003821,Car
003822,Boat
003823,Boat
003824,Car
003825,Car
003826,Car
003827,Motorcycle
003828,Car
003829,Car
003830,Boat
003831,Car
003832,Boat
003833,Car
003834,Barge
003835,Boat
003836,Truck
003837,Tank
003838,Car
003839,Boat
003840,Boat
003841,Car
003842,Boat
003843,Car
003844,Car
003845,Car
003846,Car
003847,Boat
003848,Motorcycle
003849,Car
003850,Car
003851,Truck
003852,Car
003853,Boat
003854,Car
003855,Van
003856,Car
003857,Motorcycle
003858,Motorcycle
003859,Motorcycle
003860,Boat
003861,Boat
003862,Truck
003863,Car
003864,Truck
003865,Car
003866,Boat
003867,Car
003868,Car
003869,Taxi
003870,Bus
003871,Truck
003872,Boat
003873,Car
003874,Boat
003875,Bus
003876,Truck
003877,Motorcycle
003878,Car
003879,Helicopter
003880,Caterpillar
003881,Car
003882,Truck
003883,Truck
003884,Helicopter
003885,Helicopter
003886,Car
003887,Truck
003888,Motorcycle
003889,Car
003890,Car
003891,Boat
003892,Helicopter
003893,Boat
003894,Car
003895,Boat
003896,Boat
003897,Helicopter
003898,Car
003899,Car
003900,Bus
003901,Bus
003902,Bicycle
003903,Car
003904,Boat
003905,Boat
003906,Boat
003907,Car
003908,Car
003909,Car
003910,Car
003911,Van
003912,Car
003913,Motorcycle
003914,Car
003915,Car
003916,Car
003917,Car
003918,Car
003919,Van
003920,Car
003921,Car
003922,Car
003923,Car
003924,Tank
003925,Car
003926,Bicycle
003927,Boat
003928,Car
003929,Car
003930,Van
003931,Helicopter
003932,Boat
003933,Motorcycle
003934,Boat
003935,Car
003936,Helicopter
003937,Helicopter
003938,Truck
003939,Car
003940,Boat
003941,Truck
003942,Car
003943,Boat
003944,Car
003945,Motorcycle
003946,Bicycle
003947,Car
003948,Car
003949,Bicycle
003950,Boat
003951,Truck
003952,Van
003953,Truck
003954,Car
003955,Car
003956,Truck
003957,Bus
003958,Boat
003959,Car
003960,Car
003961,Car
003962,Cart
003963,Van
003964,Helicopter
003965,Car
003966,Boat
003967,Car
003968,Car
003969,Car
003970,Car
003971,Car
003972,Bus
003973,Car
003974,Tank
003975,Car
003976,Car
003977,Car
003978,Boat
003979,Car
003980,Car
003981,Boat
003982,Truck
003983,Boat
003984,Car
003985,Boat
003986,Bus
003987,Boat
003988,Boat
003989,Helicopter
003990,Car
003991,Car
003992,Boat
003993,Car
003994,Car
003995,Helicopter
003996,Bus
003997,Boat
003998,Boat
003999,Boat
004000,Boat
004001,Van
004002,Van
004003,Bicycle
004004,Motorcycle
004005,Car
004006,Car
004007,Boat
004008,Car
004009,Car
004010,Car
004011,Boat
004012,Bicycle
004013,Motorcycle
004014,Bicycle
004015,Car
004016,Van
004017,Car
004018,Car
004019,Car
004020,Motorcycle
004021,Truck
004022,Bicycle
004023,Car
004024,Snowmobile
004025,Car
004026,Van
004027,Boat
004028,Car
004029,Boat
004030,Motorcycle
004031,Tank
004032,Boat
004033,Van
004034,Car
004035,Car
004036,Truck
004037,Car
004038,Helicopter
004039,Car
004040,Car
004041,Van
004042,Car
004043,Boat
004044,Car
004045,Motorcycle
004046,Caterpillar
004047,Car
004048,Bicycle
004049,Motorcycle
004050,Truck
004051,Helicopter
004052,Boat
004053,Caterpillar
004054,Car
004055,Van
004056,Boat
004057,Truck
004058,Car
004059,Car
004060,Truck
004061,Helicopter
004062,Car
004063,Car
004064,Boat
004065,Motorcycle
004066,Boat
004067,Car
004068,Van
004069,Boat
004070,Boat
004071,Car
004072,Car
004073,Helicopter
004074,Car
004075,Truck
004076,Car
004077,Car
004078,Car
004079,Car
004080,Boat
004081,Caterpillar
004082,Car
004083,Bicycle
004084,Boat
004085,Car
004086,Truck
004087,Helicopter
004088,Boat
004089,Boat
004090,Car
004091,Car
004092,Car
004093,Truck
004094,Car
004095,Boat
004096,Motorcycle
004097,Car
004098,Car
004099,Caterpillar
004100,Boat
004101,Truck
004102,Car
004103,Car
004104,Car
004105,Truck
004106,Helicopter
004107,Car
004108,Motorcycle
004109,Bicycle
004110,Bus
004111,Boat
004112,Car
004113,Boat
004114,Motorcycle
004115,Bicycle
004116,Boat
004117,Boat
004118,Car
004119,Helicopter
004120,Bicycle
004121,Boat
004122,Boat
004123,Car
004124,Bicycle
004125,Boat
004126,Bus
004127,Car
004128,Car
004129,Car
004130,Car
004131,Car
004132,Boat
004133,Car
004134,Boat
004135,Boat
004136,Snowmobile
004137,Bicycle
004138,Boat
004139,Car
004140,Bicycle
004141,Car
004142,Truck
004143,Boat
004144,Boat
004145,Car
004146,Car
004147,Car
004148,Bus
004149,Car
004150,Segway
004151,Boat
004152,Boat
004153,Car
004154,Bicycle
004155,Car
004156,Car
004157,Car
004158,Car
004159,Car
004160,Bus
004161,Boat
004162,Helicopter
004163,Truck
004164,Car
004165,Boat
004166,Car
004167,Motorcycle
004168,Car
004169,Boat
004170,Truck
004171,Truck
004172,Boat
004173,Car
004174,Car
004175,Helicopter
004176,Bus
004177,Motorcycle
004178,Bicycle
004179,Car
004180,Motorcycle
004181,Car
004182,Boat
004183,Bicycle
004184,Car
004185,Helicopter
004186,Car
004187,Bus
004188,Motorcycle
004189,Car
004190,Car
004191,Bicycle
004192,Truck
004193,Boat
004194,Boat
004195,Helicopter
004196,Car
004197,Tank
004198,Boat
004199,Motorcycle
004200,Truck
004201,Car
004202,Helicopter
004203,Car
004204,Car
004205,Motorcycle
004206,Boat
004207,Boat
004208,Car
004209,Motorcycle
004210,Car
004211,Boat
004212,Car
004213,Van
004214,Car
004215,Car
004216,Car
004217,Car
004218,Car
004219,Car
004220,Motorcycle
004221,Van
004222,Boat
004223,Car
004224,Car
004225,Segway
004226,Car
004227,Car
004228,Car
004229,Taxi
004230,Truck
004231,Car
004232,Car
004233,Boat
004234,Motorcycle
004235,Car
004236,Tank
004237,Car
004238,Car
004239,Tank
004240,Bicycle
004241,Car
004242,Bicycle
004243,Car
004244,Car
004245,Boat
004246,Helicopter
004247,Car
004248,Boat
004249,Taxi
004250,Tank
004251,Van
004252,Bicycle
004253,Boat
004254,Motorcycle
004255,Bus
004256,Car
004257,Boat
004258,Motorcycle
004259,Car
004260,Bicycle
004261,Boat
004262,Car
004263,Taxi
004264,Car
004265,Car
004266,Car
004267,Car
004268,Helicopter
004269,Car
004270,Car
004271,Helicopter
004272,Bicycle
004273,Car
004274,Car
004275,Bicycle
004276,Truck
004277,Car
004278,Car
004279,Car
004280,Boat
004281,Caterpillar
004282,Bus
004283,Car
004284,Car
004285,Bicycle
004286,Boat
004287,Boat
004288,Boat
004289,Bicycle
004290,Car
004291,Truck
004292,Car
004293,Car
004294,Bicycle
004295,Bicycle
004296,Van
004297,Bus
004298,Motorcycle
004299,Bus
004300,Car
004301,Tank
004302,Motorcycle
004303,Boat
004304,Truck
004305,Boat
004306,Truck
004307,Helicopter
004308,Boat
004309,Car
004310,Boat
004311,Helicopter
004312,Truck
004313,Car
004314,Motorcycle
004315,Truck
004316,Boat
004317,Car
004318,Car
004319,Bus
004320,Helicopter
004321,Truck
004322,Bus
004323,Motorcycle
004324,Car
004325,Truck
004326,Boat
004327,Bicycle
004328,Motorcycle
004329,Car
004330,Car
004331,Boat
004332,Helicopter
004333,Car
004334,Truck
004335,Car
004336,Car
004337,Motorcycle
004338,Van
004339,Truck
004340,Boat
004341,Car
004342,Motorcycle
004343,Car
004344,Bus
004345,Car
004346,Car
004347,Van
004348,Caterpillar
004349,Motorcycle
004350,Car
004351,Car
004352,Car
004353,Boat
004354,Motorcycle
004355,Truck
004356,Car
004357,Car
004358,Car
004359,Car
004360,Bicycle
004361,Car
004362,Car
004363,Car
004364,Truck
004365,Bus
004366,Boat
004367,Boat
004368,Truck
004369,Car
004370,Car
004371,Car
004372,Motorcycle
004373,Caterpillar
004374,Van
004375,Car
004376,Car
004377,Bicycle
004378,Van
004379,Truck
004380,Car
004381,Car
004382,Truck
004383,Boat
004384,Boat
004385,Car
004386,Car
004387,Car
004388,Van
004389,Car
004390,Truck
004391,Car
004392,Car
004393,Car
004394,Car
004395,Boat
004396,Boat
004397,Car
004398,Helicopter
004399,Car
004400,Car
004401,Truck
004402,Car
004403,Car
004404,Car
004405,Motorcycle
004406,Car
004407,Truck
004408,Car
004409,Car
004410,Car
004411,Car
004412,Van
004413,Car
004414,Caterpillar
004415,Car
004416,Motorcycle
004417,Tank
004418,Helicopter
004419,Bicycle
004420,Boat
004421,Helicopter
004422,Car
004423,Car
004424,Boat
004425,Truck
004426,Motorcycle
004427,Tank
004428,Motorcycle
004429,Caterpillar
004430,Boat
004431,Car
004432,Car
004433,Car
004434,Boat
004435,Boat
004436,Car
004437,Motorcycle
004438,Truck
004439,Car
004440,Helicopter
004441,Truck
004442,Truck
004443,Car
004444,Van
004445,Car
004446,Boat
004447,Tank
004448,Caterpillar
004449,Boat
004450,Motorcycle
004451,Helicopter
004452,Motorcycle
004453,Car
004454,Car
004455,Car
004456,Car
004457,Helicopter
004458,Bicycle
004459,Car
004460,Car
004461,Bus
004462,Car
004463,Car
004464,Truck
004465,Bicycle
004466,Car
004467,Car
004468,Car
004469,Car
004470,Car
004471,Boat
004472,Caterpillar
004473,Car
004474,Car
004475,Car
004476,Helicopter
004477,Boat
004478,Caterpillar
004479,Motorcycle
004480,Boat
004481,Car
004482,Van
004483,Car
004484,Truck
004485,Boat
004486,Car
004487,Boat
004488,Car
004489,Car
004490,Car
004491,Car
004492,Boat
004493,Car
004494,Car
004495,Boat
004496,Bus
004497,Car
004498,Boat
004499,Boat
004500,Car
004501,Car
004502,Car
004503,Car
004504,Boat
004505,Car
004506,Car
004507,Car
004508,Boat
004509,Car
004510,Truck
004511,Truck
004512,Car
004513,Car
004514,Bicycle
004515,Boat
004516,Taxi
004517,Truck
004518,Car
004519,Car
004520,Boat
004521,Car
004522,Helicopter
004523,Helicopter
004524,Boat
004525,Boat
004526,Car
004527,Car
004528,Boat
004529,Truck
004530,Motorcycle
004531,Motorcycle
004532,Car
004533,Boat
004534,Tank
004535,Tank
004536,Car
004537,Car
004538,Motorcycle
004539,Helicopter
004540,Car
004541,Bus
004542,Bus
004543,Car
004544,Car
004545,Segway
004546,Car
004547,Boat
004548,Bus
004549,Car
004550,Truck
004551,Boat
004552,Boat
004553,Car
004554,Segway
004555,Helicopter
004556,Motorcycle
004557,Truck
004558,Car
004559,Motorcycle
004560,Car
004561,Motorcycle
004562,Bicycle
004563,Car
004564,Boat
004565,Boat
004566,Boat
004567,Car
004568,Car
004569,Van
004570,Boat
004571,Car
004572,Boat
004573,Car
004574,Car
004575,Boat
004576,Helicopter
004577,Car
004578,Caterpillar
004579,Car
004580,Caterpillar
004581,Boat
004582,Boat
004583,Boat
004584,Boat
004585,Car
004586,Car
004587,Car
004588,Car
004589,Car
004590,Boat
004591,Boat
004592,Car
004593,Boat
004594,Car
004595,Car
004596,Truck
004597,Car
004598,Truck
004599,Taxi
004600,Car
004601,Car
004602,Car
004603,Car
004604,Car
004605,Car
004606,Motorcycle
004607,Boat
004608,Car
004609,Boat
004610,Car
004611,Car
004612,Boat
004613,Bicycle
004614,Boat
004615,Van
004616,Car
004617,Boat
004618,Car
004619,Truck
004620,Car
004621,Motorcycle
004622,Car
004623,Boat
004624,Car
004625,Car
004626,Truck
004627,Boat
004628,Car
004629,Car
004630,Car
004631,Car
004632,Car
004633,Car
004634,Truck
004635,Car
004636,Car
004637,Van
004638,Car
004639,Helicopter
004640,Boat
004641,Car
004642,Ambulance
004643,Motorcycle
004644,Motorcycle
004645,Car
004646,Bicycle
004647,Van
004648,Boat
004649,Bicycle
004650,Car
004651,Bus
004652,Bicycle
004653,Car
004654,Car
004655,Van
004656,Boat
004657,Car
004658,Car
004659,Car
004660,Truck
004661,Motorcycle
004662,Car
004663,Motorcycle
004664,Boat
004665,Boat
004666,Car
004667,Bicycle
004668,Car
004669,Car
004670,Boat
004671,Car
004672,Car
004673,Bus
004674,Car
004675,Bicycle
004676,Car
004677,Car
004678,Car
004679,Car
004680,Car
004681,Boat
004682,Car
004683,Boat
004684,Boat
004685,Car
004686,Tank
004687,Boat
004688,Bicycle
004689,Boat
004690,Car
004691,Boat
004692,Car
004693,Bicycle
004694,Motorcycle
004695,Car
004696,Boat
004697,Car
004698,Boat
004699,Car
004700,Motorcycle
004701,Boat
004702,Motorcycle
004703,Car
004704,Boat
004705,Car
004706,Motorcycle
004707,Bicycle
004708,Car
004709,Boat
004710,Motorcycle
004711,Car
004712,Helicopter
004713,Van
004714,Car
004715,Boat
004716,Truck
004717,Bicycle
004718,Car
004719,Car
004720,Van
004721,Boat
004722,Car
004723,Motorcycle
004724,Car
004725,Truck
004726,Bicycle
004727,Helicopter
004728,Truck
004729,Car
004730,Car
004731,Car
004732,Van
004733,Car
004734,Car
004735,Car
004736,Helicopter
004737,Car
004738,Tank
004739,Van
004740,Car
004741,Taxi
004742,Car
004743,Car
004744,Helicopter
004745,Truck
004746,Car
004747,Car
004748,Car
004749,Boat
004750,Bus
004751,Motorcycle
004752,Car
004753,Car
004754,Car
004755,Boat
004756,Car
004757,Car
004758,Car
004759,Car
004760,Car
004761,Car
004762,Car
004763,Bicycle
004764,Car
004765,Helicopter
004766,Truck
004767,Helicopter
004768,Car
004769,Car
004770,Car
004771,Car
004772,Bicycle
004773,Truck
004774,Helicopter
004775,Taxi
004776,Car
004777,Van
004778,Bus
004779,Car
004780,Car
004781,Car
004782,Boat
004783,Bicycle
004784,Truck
004785,Car
004786,Car
004787,Car
004788,Bus
004789,Tank
004790,Boat
004791,Truck
004792,Car
004793,Bicycle
004794,Bicycle
004795,Bicycle
004796,Car
004797,Car
004798,Car
004799,Motorcycle
004800,Bicycle
004801,Car
004802,Car
004803,Car
004804,Truck
004805,Motorcycle
004806,Boat
004807,Truck
004808,Car
004809,Car
004810,Car
004811,Boat
004812,Boat
004813,Bus
004814,Car
004815,Helicopter
004816,Car
004817,Bicycle
004818,Boat
004819,Truck
004820,Motorcycle
004821,Bicycle
004822,Car
004823,Bicycle
004824,Car
004825,Car
004826,Motorcycle
004827,Car
004828,Car
004829,Truck
004830,Bicycle
004831,Car
004832,Car
004833,Car
004834,Boat
004835,Car
004836,Car
004837,Car
004838,Boat
004839,Car
004840,Car
004841,Car
004842,Truck
004843,Tank
004844,Boat
004845,Helicopter
004846,Car
004847,Snowmobile
004848,Car
004849,Bus
004850,Van
004851,Car
004852,Car
004853,Car
004854,Bus
004855,Car
004856,Car
004857,Helicopter
004858,Bicycle
004859,Boat
004860,Car
004861,Car
004862,Car
004863,Truck
004864,Bus
004865,Truck
004866,Car
004867,Boat
004868,Car
004869,Caterpillar
004870,Bicycle
004871,Boat
004872,Car
004873,Motorcycle
004874,Van
004875,Car
004876,Bicycle
004877,Car
004878,Van
004879,Car
004880,Bus
004881,Car
004882,Car
004883,Motorcycle
004884,Car
004885,Car
004886,Bicycle
004887,Truck
004888,Bus
004889,Helicopter
004890,Boat
004891,Boat
004892,Car
004893,Car
004894,Boat
004895,Car
004896,Motorcycle
004897,Car
004898,Car
004899,Car
004900,Truck
004901,Car
004902,Truck
004903,Van
004904,Car
004905,Bus
004906,Boat
004907,Bus
004908,Car
004909,Boat
004910,Caterpillar
004911,Car
004912,Boat
004913,Car
004914,Car
004915,Bus
004916,Car
004917,Truck
004918,Motorcycle
004919,Boat
004920,Segway
004921,Car
004922,Car
004923,Motorcycle
004924,Car
004925,Boat
004926,Bicycle
004927,Car
004928,Boat
004929,Car
004930,Motorcycle
004931,Motorcycle
004932,Boat
004933,Car
004934,Car
004935,Car
004936,Truck
004937,Car
004938,Van
004939,Boat
004940,Car
004941,Car
004942,Car
004943,Bicycle
004944,Car
004945,Car
004946,Motorcycle
004947,Boat
004948,Motorcycle
004949,Boat
004950,Boat
004951,Boat
004952,Car
004953,Van
004954,Car
004955,Car
004956,Bus
004957,Car
004958,Car
004959,Helicopter
004960,Car
004961,Bicycle
004962,Car
004963,Car
004964,Car
004965,Car
004966,Bicycle
004967,Car
004968,Truck
004969,Car
004970,Car
004971,Motorcycle
004972,Boat
004973,Car
004974,Car
004975,Boat
004976,Car
004977,Car
004978,Car
004979,Truck
004980,Car
004981,Car
004982,Van
004983,Car
004984,Truck
004985,Car
004986,Boat
004987,Caterpillar
004988,Boat
004989,Car
004990,Helicopter
004991,Car
004992,Car
004993,Bicycle
004994,Car
004995,Car
004996,Car
004997,Car
004998,Van
004999,Boat
005000,Car
005001,Car
005002,Car
005003,Car
005004,Car
005005,Tank
005006,Car
005007,Car
005008,Helicopter
005009,Car
005010,Bus
005011,Car
005012,Car
005013,Helicopter
005014,Van
005015,Car
005016,Truck
005017,Car
005018,Car
005019,Car
005020,Boat
005021,Car
005022,Boat
005023,Car
005024,Boat
005025,Bicycle
005026,Car
005027,Boat
005028,Truck
005029,Boat
005030,Car
005031,Boat
005032,Car
005033,Car
005034,Car
005035,Bus
005036,Boat
005037,Tank
005038,Helicopter
005039,Helicopter
005040,Car
005041,Boat
005042,Car
005043,Car
005044,Boat
005045,Car
005046,Car
005047,Boat
005048,Segway
005049,Motorcycle
005050,Car
005051,Car
005052,Car
005053,Car
005054,Bus
005055,Car
005056,Car
005057,Truck
005058,Car
005059,Van
005060,Boat
005061,Motorcycle
005062,Caterpillar
005063,Car
005064,Boat
005065,Boat
005066,Car
005067,Motorcycle
005068,Car
005069,Car
005070,Truck
005071,Boat
005072,Car
005073,Car
005074,Helicopter
005075,Bicycle
005076,Car
005077,Boat
005078,Boat
005079,Helicopter
005080,Car
005081,Tank
005082,Car
005083,Car
005084,Caterpillar
005085,Car
005086,Car
005087,Bus
005088,Car
005089,Car
005090,Car
005091,Boat
005092,Car
005093,Bicycle
005094,Car
005095,Boat
005096,Car
005097,Bicycle
005098,Truck
005099,Van
005100,Car
005101,Car
005102,Bus
005103,Car
005104,Van
005105,Car
005106,Car
005107,Boat
005108,Car
005109,Car
005110,Car
005111,Car
005112,Bicycle
005113,Truck
005114,Car
005115,Car
005116,Car
005117,Car
005118,Car
005119,Car
005120,Car
005121,Bicycle
005122,Car
005123,Car
005124,Car
005125,Car
005126,Helicopter
005127,Car
005128,Motorcycle
005129,Truck
005130,Boat
005131,Car
005132,Bicycle
005133,Car
005134,Truck
005135,Car
005136,Car
005137,Helicopter
005138,Car
005139,Car
005140,Helicopter
005141,Car
005142,Van
005143,Cart
005144,Car
005145,Boat
005146,Car
005147,Car
005148,Caterpillar
005149,Bicycle
005150,Boat
005151,Car
005152,Car
005153,Truck
005154,Boat
005155,Boat
005156,Bicycle
005157,Car
005158,Car
005159,Car
005160,Boat
005161,Motorcycle
005162,Caterpillar
005163,Boat
005164,Car
005165,Car
005166,Car
005167,Bicycle
005168,Truck
005169,Car
005170,Car
005171,Bicycle
005172,Car
005173,Bicycle
005174,Car
005175,Helicopter
005176,Car
005177,Bicycle
005178,Taxi
005179,Boat
005180,Boat
005181,Bus
005182,Car
005183,Car
005184,Car
005185,Motorcycle
005186,Snowmobile
005187,Motorcycle
005188,Car
005189,Boat
005190,Car
005191,Car
005192,Car
005193,Car
005194,Bicycle
005195,Car
005196,Motorcycle
005197,Car
005198,Car
005199,Car
005200,Car
005201,Car
005202,Motorcycle
005203,Car
005204,Boat
005205,Motorcycle
005206,Van
005207,Car
005208,Van
005209,Motorcycle
005210,Truck
005211,Motorcycle
005212,Car
005213,Tank
005214,Van
005215,Bus
005216,Car
005217,Car
005218,Car
005219,Motorcycle
005220,Motorcycle
005221,Car
005222,Car
005223,Motorcycle
005224,Car
005225,Tank
005226,Boat
005227,Car
005228,Truck
005229,Taxi
005230,Van
005231,Bicycle
005232,Car
005233,Car
005234,Bicycle
005235,Boat
005236,Car
005237,Boat
005238,Car
005239,Car
005240,Car
005241,Tank
005242,Bus
005243,Boat
005244,Motorcycle
005245,Car
005246,Boat
005247,Helicopter
005248,Bus
005249,Segway
005250,Car
005251,Car
005252,Motorcycle
005253,Truck
005254,Truck
005255,Car
005256,Truck
005257,Helicopter
005258,Motorcycle
005259,Boat
005260,Car
005261,Boat
005262,Motorcycle
005263,Van
005264,Car
005265,Car
005266,Car
005267,Car
005268,Car
005269,Boat
005270,Van
005271,Van
005272,Car
005273,Car
005274,Helicopter
005275,Car
005276,Car
005277,Car
005278,Bicycle
005279,Truck
005280,Car
005281,Car
005282,Car
005283,Truck
005284,Boat
005285,Car
005286,Tank
005287,Car
005288,Car
005289,Car
005290,Boat
005291,Van
005292,Helicopter
005293,Bicycle
005294,Boat
005295,Truck
005296,Boat
005297,Motorcycle
005298,Car
005299,Car
005300,Car
005301,Car
005302,Bicycle
005303,Bicycle
005304,Boat
005305,Boat
005306,Boat
005307,Boat
005308,Car
005309,Truck
005310,Car
005311,Car
005312,Car
005313,Car
005314,Car
005315,Car
005316,Truck
005317,Truck
005318,Car
005319,Car
005320,Helicopter
005321,Car
005322,Bicycle
005323,Car
005324,Van
005325,Boat
005326,Helicopter
005327,Truck
005328,Car
005329,Truck
005330,Truck
005331,Van
005332,Boat
005333,Boat
005334,Car
005335,Boat
005336,Tank
005337,Car
005338,Van
005339,Motorcycle
005340,Car
005341,Motorcycle
005342,Car
005343,Tank
005344,Car
005345,Car
005346,Car
005347,Boat
005348,Motorcycle
005349,Truck
005350,Bus
005351,Boat
005352,Car
005353,Tank
005354,Car
005355,Car
005356,Car
005357,Truck
005358,Boat
005359,Car
005360,Boat
005361,Boat
005362,Car
005363,Car
005364,Truck
005365,Car
005366,Boat
005367,Car
005368,Car
005369,Motorcycle
005370,Car
005371,Car
005372,Car
005373,Car
005374,Boat
005375,Car
005376,Helicopter
005377,Truck
005378,Boat
005379,Boat
005380,Car
005381,Car
005382,Car
005383,Motorcycle
005384,Bus
005385,Helicopter
005386,Car
005387,Truck
005388,Bus
005389,Snowmobile
005390,Caterpillar
005391,Car
005392,Motorcycle
005393,Car
005394,Car
005395,Boat
005396,Car
005397,Car
005398,Car
005399,Helicopter
005400,Bicycle
005401,Boat
005402,Car
005403,Boat
005404,Car
005405,Motorcycle
005406,Car
005407,Truck
005408,Truck
005409,Van
005410,Car
005411,Bus
005412,Boat
005413,Car
005414,Truck
005415,Motorcycle
005416,Van
005417,Boat
005418,Boat
005419,Car
005420,Car
005421,Motorcycle
005422,Car
005423,Boat
005424,Car
005425,Helicopter
005426,Car
005427,Boat
005428,Car
005429,Boat
005430,Boat
005431,Truck
005432,Motorcycle
005433,Boat
005434,Car
005435,Boat
005436,Car
005437,Car
005438,Car
005439,Car
005440,Car
005441,Boat
005442,Truck
005443,Boat
005444,Motorcycle
005445,Bus
005446,Boat
005447,Bus
005448,Van
005449,Helicopter
005450,Car
005451,Car
005452,Car
005453,Caterpillar
005454,Car
005455,Car
005456,Car
005457,Car
005458,Bus
005459,Truck
005460,Car
005461,Car
005462,Car
005463,Car
005464,Boat
005465,Tank
005466,Snowmobile
005467,Boat
005468,Boat
005469,Helicopter
005470,Car
005471,Car
005472,Car
005473,Taxi
005474,Car
005475,Helicopter
005476,Boat
005477,Car
005478,Boat
005479,Car
005480,Bus
005481,Car
005482,Car
005483,Motorcycle
005484,Car
005485,Caterpillar
005486,Boat
005487,Van
005488,Boat
005489,Boat
005490,Taxi
005491,Boat
005492,Boat
005493,Van
005494,Bicycle
005495,Car
005496,Car
005497,Boat
005498,Motorcycle
005499,Boat
005500,Car
005501,Van
005502,Bicycle
005503,Tank
005504,Segway
005505,Car
005506,Car
005507,Car
005508,Car
005509,Car
005510,Car
005511,Car
005512,Caterpillar
005513,Car
005514,Car
005515,Motorcycle
005516,Van
005517,Boat
005518,Van
005519,Truck
005520,Boat
005521,Bus
005522,Truck
005523,Car
005524,Boat
005525,Helicopter
005526,Boat
005527,Car
005528,Car
005529,Van
005530,Car
005531,Truck
005532,Car
005533,Truck
005534,Car
005535,Van
005536,Van
005537,Car
005538,Boat
005539,Helicopter
005540,Car
005541,Boat
005542,Van
005543,Car
005544,Car
005545,Boat
005546,Car
005547,Truck
005548,Car
005549,Car
005550,Car
005551,Car
005552,Helicopter
005553,Taxi
005554,Car
005555,Helicopter
005556,Car
005557,Boat
005558,Helicopter
005559,Bus
005560,Bicycle
005561,Motorcycle
005562,Helicopter
005563,Car
005564,Car
005565,Truck
005566,Car
005567,Truck
005568,Car
005569,Car
005570,Car
005571,Car
005572,Car
005573,Boat
005574,Boat
005575,Bus
005576,Boat
005577,Truck
005578,Bicycle
005579,Truck
005580,Boat
005581,Bus
005582,Car
005583,Boat
005584,Helicopter
005585,Car
005586,Tank
005587,Boat
005588,Car
005589,Truck
005590,Boat
005591,Bicycle
005592,Segway
005593,Car
005594,Bicycle
005595,Car
005596,Car
005597,Boat
005598,Car
005599,Car
005600,Snowmobile
005601,Boat
005602,Boat
005603,Motorcycle
005604,Helicopter
005605,Bus
005606,Car
005607,Car
005608,Car
005609,Car
005610,Boat
005611,Car
005612,Car
005613,Car
005614,Car
005615,Car
005616,Car
005617,Car
005618,Boat
005619,Car
005620,Bicycle
005621,Car
005622,Car
005623,Truck
005624,Motorcycle
005625,Van
005626,Boat
005627,Car
005628,Bicycle
005629,Car
005630,Motorcycle
005631,Car
005632,Bicycle
005633,Car
005634,Motorcycle
005635,Car
005636,Car
005637,Car
005638,Boat
005639,Motorcycle
005640,Car
005641,Tank
005642,Bicycle
005643,Truck
005644,Car
005645,Car
005646,Car
005647,Bicycle
005648,Car
005649,Boat
005650,Tank
005651,Bicycle
005652,Car
005653,Car
005654,Car
005655,Tank
005656,Helicopter
005657,Bicycle
005658,Car
005659,Car
005660,Boat
005661,Car
005662,Helicopter
005663,Car
005664,Bicycle
005665,Car
005666,Car
005667,Boat
005668,Van
005669,Boat
005670,Motorcycle
005671,Car
005672,Car
005673,Car
005674,Helicopter
005675,Car
005676,Motorcycle
005677,Car
005678,Car
005679,Snowmobile
005680,Car
005681,Truck
005682,Motorcycle
005683,Motorcycle
005684,Bicycle
005685,Boat
005686,Car
005687,Car
005688,Tank
005689,Bus
005690,Boat
005691,Car
005692,Bicycle
005693,Car
005694,Boat
005695,Van
005696,Truck
005697,Car
005698,Helicopter
005699,Bicycle
005700,Boat
005701,Car
005702,Van
005703,Car
005704,Helicopter
005705,Motorcycle
005706,Car
005707,Van
005708,Car
005709,Helicopter
005710,Car
005711,Boat
005712,Boat
005713,Car
005714,Boat
005715,Boat
005716,Van
005717,Boat
005718,Truck
005719,Motorcycle
005720,Truck
005721,Car
005722,Boat
005723,Car
005724,Truck
005725,Bus
005726,Car
005727,Boat
005728,Boat
005729,Boat
005730,Boat
005731,Car
005732,Car
005733,Car
005734,Helicopter
005735,Bicycle
005736,Car
005737,Car
005738,Car
005739,Boat
005740,Car
005741,Motorcycle
005742,Car
005743,Car
005744,Bus
005745,Van
005746,Car
005747,Helicopter
005748,Bus
005749,Car
005750,Truck
005751,Car
005752,Truck
005753,Car
005754,Boat
005755,Bicycle
005756,Motorcycle
005757,Truck
005758,Boat
005759,Boat
005760,Boat
005761,Van
005762,Car
005763,Car
005764,Car
005765,Bicycle
005766,Car
005767,Motorcycle
005768,Truck
005769,Truck
005770,Bus
005771,Car
005772,Car
005773,Boat
005774,Car
005775,Boat
005776,Boat
005777,Boat
005778,Van
005779,Caterpillar
005780,Van
005781,Van
005782,Boat
005783,Taxi
005784,Car
005785,Segway
005786,Bicycle
005787,Caterpillar
005788,Bus
005789,Bicycle
005790,Bicycle
005791,Car
005792,Car
005793,Boat
005794,Car
005795,Truck
005796,Car
005797,Car
005798,Car
005799,Car
005800,Motorcycle
005801,Car
005802,Car
005803,Helicopter
005804,Boat
005805,Truck
005806,Car
005807,Boat
005808,Car
005809,Truck
005810,Car
005811,Car
005812,Car
005813,Van
005814,Car
005815,Car
005816,Car
005817,Truck
005818,Car
005819,Boat
005820,Car
005821,Car
005822,Bicycle
005823,Boat
005824,Bicycle
005825,Car
005826,Van
005827,Boat
005828,Boat
005829,Boat
005830,Car
005831,Car
005832,Boat
005833,Car
005834,Motorcycle
005835,Car
005836,Car
005837,Truck
005838,Car
005839,Car
005840,Truck
005841,Boat
005842,Car
005843,Boat
005844,Car
005845,Helicopter
005846,Car
005847,Boat
005848,Boat
005849,Boat
005850,Boat
005851,Car
005852,Car
005853,Car
005854,Car
005855,Boat
005856,Bus
005857,Truck
005858,Caterpillar
005859,Car
005860,Bicycle
005861,Boat
005862,Car
005863,Bicycle
005864,Car
005865,Helicopter
005866,Car
005867,Helicopter
005868,Boat
005869,Car
005870,Truck
005871,Car
005872,Boat
005873,Car
005874,Car
005875,Bicycle
005876,Motorcycle
005877,Bicycle
005878,Bus
005879,Motorcycle
005880,Truck
005881,Car
005882,Car
005883,Boat
005884,Car
005885,Car
005886,Car
005887,Car
005888,Boat
005889,Tank
005890,Boat
005891,Car
005892,Bus
005893,Car
005894,Car
005895,Bus
005896,Car
005897,Helicopter
005898,Car
005899,Car
005900,Car
005901,Motorcycle
005902,Car
005903,Car
005904,Bus
005905,Car
005906,Boat
005907,Bus
005908,Boat
005909,Car
005910,Car
005911,Car
005912,Motorcycle
005913,Helicopter
005914,Car
005915,Car
005916,Van
005917,Boat
005918,Helicopter
005919,Car
005920,Car
005921,Motorcycle
005922,Motorcycle
005923,Car
005924,Boat
005925,Car
005926,Car
005927,Car
005928,Car
005929,Bus
005930,Truck
005931,Motorcycle
005932,Motorcycle
005933,Car
005934,Car
005935,Boat
005936,Caterpillar
005937,Car
005938,Helicopter
005939,Truck
005940,Boat
005941,Van
005942,Van
005943,Van
005944,Car
005945,Boat
005946,Boat
005947,Car
005948,Car
005949,Car
005950,Boat
005951,Boat
005952,Bicycle
005953,Boat
005954,Car
005955,Boat
005956,Motorcycle
005957,Car
005958,Bicycle
005959,Motorcycle
005960,Car
005961,Van
005962,Boat
005963,Car
005964,Truck
005965,Car
005966,Car
005967,Car
005968,Car
005969,Car
005970,Car
005971,Car
005972,Boat
005973,Car
005974,Car
005975,Motorcycle
005976,Tank
005977,Car
005978,Van
005979,Truck
005980,Bicycle
005981,Tank
005982,Car
005983,Boat
005984,Truck
005985,Car
005986,Bus
005987,Boat
005988,Van
005989,Boat
005990,Car
005991,Car
005992,Car
005993,Car
005994,Boat
005995,Boat
005996,Truck
005997,Boat
005998,Car
005999,Car
006000,Car
006001,Motorcycle
006002,Boat
006003,Boat
006004,Car
006005,Car
006006,Truck
006007,Bus
006008,Bicycle
006009,Tank
006010,Car
006011,Helicopter
006012,Car
006013,Car
006014,Car
006015,Car
006016,Car
006017,Tank
006018,Car
006019,Car
006020,Motorcycle
006021,Boat
006022,Car
006023,Car
006024,Car
006025,Boat
006026,Boat
006027,Bicycle
006028,Boat
006029,Boat
006030,Car
006031,Car
006032,Bus
006033,Boat
006034,Car
006035,Helicopter
006036,Motorcycle
006037,Car
006038,Van
006039,Bicycle
006040,Boat
006041,Car
006042,Car
006043,Car
006044,Car
006045,Car
006046,Car
006047,Car
006048,Car
006049,Car
006050,Car
006051,Helicopter
006052,Car
006053,Motorcycle
006054,Boat
006055,Car
006056,Boat
006057,Boat
006058,Motorcycle
006059,Car
006060,Car
006061,Boat
006062,Motorcycle
006063,Car
006064,Motorcycle
006065,Car
006066,Truck
006067,Boat
006068,Bus
006069,Car
006070,Helicopter
006071,Boat
006072,Car
006073,Car
006074,Boat
006075,Car
006076,Car
006077,Boat
006078,Car
006079,Car
006080,Car
006081,Car
006082,Truck
006083,Car
006084,Car
006085,Boat
006086,Truck
006087,Car
006088,Helicopter
006089,Van
006090,Truck
006091,Boat
006092,Bicycle
006093,Boat
006094,Car
006095,Boat
006096,Boat
006097,Motorcycle
006098,Boat
006099,Helicopter
006100,Car
006101,Car
006102,Car
006103,Car
006104,Van
006105,Car
006106,Car
006107,Car
006108,Boat
006109,Boat
006110,Car
006111,Car
006112,Van
006113,Car
006114,Bus
006115,Boat
006116,Car
006117,Truck
006118,Car
006119,Boat
006120,Car
006121,Boat
006122,Car
006123,Truck
006124,Car
006125,Motorcycle
006126,Taxi
006127,Car
006128,Bus
006129,Bicycle
006130,Truck
006131,Car
006132,Van
006133,Boat
006134,Car
006135,Car
006136,Car
006137,Truck
006138,Car
006139,Boat
006140,Car
006141,Bicycle
006142,Car
006143,Bus
006144,Car
006145,Truck
006146,Car
006147,Car
006148,Helicopter
006149,Boat
006150,Motorcycle
006151,Motorcycle
006152,Car
006153,Boat
006154,Motorcycle
006155,Tank
006156,Car
006157,Boat
006158,Car
006159,Car
006160,Car
006161,Tank
006162,Boat
006163,Van
006164,Bus
006165,Boat
006166,Motorcycle
006167,Truck
006168,Boat
006169,Truck
006170,Car
006171,Helicopter
006172,Boat
006173,Van
006174,Car
006175,Car
006176,Caterpillar
006177,Car
006178,Car
006179,Tank
006180,Boat
006181,Van
006182,Bicycle
006183,Caterpillar
006184,Caterpillar
006185,Helicopter
006186,Motorcycle
006187,Bus
006188,Boat
006189,Car
006190,Bicycle
006191,Boat
006192,Segway
006193,Car
006194,Caterpillar
006195,Car
006196,Boat
006197,Motorcycle
006198,Boat
006199,Boat
006200,Car
006201,Boat
006202,Truck
006203,Van
006204,Car
006205,Helicopter
006206,Motorcycle
006207,Boat
006208,Car
006209,Bicycle
006210,Car
006211,Car
006212,Bicycle
006213,Motorcycle
006214,Car
006215,Boat
006216,Car
006217,Boat
006218,Truck
006219,Truck
006220,Truck
006221,Boat
006222,Car
006223,Car
006224,Car
006225,Truck
006226,Boat
006227,Bus
006228,Car
006229,Helicopter
006230,Car
006231,Car
006232,Car
006233,Truck
006234,Car
006235,Car
006236,Van
006237,Car
006238,Motorcycle
006239,Helicopter
006240,Bicycle
006241,Car
006242,Truck
006243,Boat
006244,Boat
006245,Boat
006246,Car
006247,Motorcycle
006248,Car
006249,Boat
006250,Bicycle
006251,Car
006252,Helicopter
006253,Van
006254,Car
006255,Bicycle
006256,Car
006257,Caterpillar
006258,Boat
006259,Truck
006260,Car
006261,Car
006262,Boat
006263,Boat
006264,Car
006265,Helicopter
006266,Truck
006267,Car
006268,Motorcycle
006269,Truck
006270,Helicopter
006271,Motorcycle
006272,Taxi
006273,Helicopter
006274,Car
006275,Boat
006276,Boat
006277,Helicopter
006278,Tank
006279,Boat
006280,Car
006281,Taxi
006282,Car
006283,Bicycle
006284,Car
006285,Car
006286,Car
006287,Car
006288,Bus
006289,Truck
006290,Boat
006291,Car
006292,Motorcycle
006293,Boat
006294,Car
006295,Helicopter
006296,Boat
006297,Car
006298,Car
006299,Car
006300,Motorcycle
006301,Car
006302,Car
006303,Motorcycle
006304,Truck
006305,Boat
006306,Car
006307,Boat
006308,Snowmobile
006309,Helicopter
006310,Car
006311,Truck
006312,Bicycle
006313,Bus
006314,Car
006315,Motorcycle
006316,Car
006317,Boat
006318,Truck
006319,Motorcycle
006320,Car
006321,Car
006322,Boat
006323,Truck
006324,Bus
006325,Truck
006326,Car
006327,Car
006328,Car
006329,Car
006330,Helicopter
006331,Boat
006332,Car
006333,Boat
006334,Car
006335,Car
006336,Car
006337,Motorcycle
006338,Car
006339,Boat
006340,Car
006341,Boat
006342,Car
006343,Car
006344,Car
006345,Boat
006346,Car
006347,Tank
006348,Caterpillar
006349,Helicopter
006350,Truck
006351,Boat
006352,Helicopter
006353,Car
006354,Car
006355,Car
006356,Car
006357,Car
006358,Car
006359,Helicopter
006360,Helicopter
006361,Car
006362,Car
006363,Motorcycle
006364,Bicycle
006365,Car
006366,Truck
006367,Car
006368,Bicycle
006369,Helicopter
006370,Car
006371,Car
006372,Boat
006373,Boat
006374,Car
006375,Car
006376,Truck
006377,Caterpillar
006378,Motorcycle
006379,Car
006380,Motorcycle
006381,Car
006382,Car
006383,Boat
006384,Car
006385,Car
006386,Car
006387,Bus
006388,Car
006389,Truck
006390,Boat
006391,Car
006392,Car
006393,Car
006394,Car
006395,Boat
006396,Car
006397,Car
006398,Helicopter
006399,Car
006400,Motorcycle
006401,Car
006402,Motorcycle
006403,Car
006404,Car
006405,Car
006406,Car
006407,Car
006408,Boat
006409,Motorcycle
006410,Truck
006411,Bicycle
006412,Car
006413,Boat
006414,Car
006415,Car
006416,Car
006417,Boat
006418,Motorcycle
006419,Boat
006420,Car
006421,Tank
006422,Boat
006423,Car
006424,Car
006425,Car
006426,Boat
006427,Boat
006428,Boat
006429,Tank
006430,Car
006431,Boat
006432,Car
006433,Car
006434,Car
006435,Boat
006436,Boat
006437,Boat
006438,Boat
006439,Bus
006440,Car
006441,Truck
006442,Car
006443,Car
006444,Boat
006445,Boat
006446,Car
006447,Boat
006448,Car
006449,Car
006450,Car
006451,Bicycle
006452,Car
006453,Car
006454,Car
006455,Bicycle
006456,Car
006457,Boat
006458,Boat
006459,Tank
006460,Boat
006461,Car
006462,Car
006463,Car
006464,Helicopter
006465,Car
006466,Bus
006467,Car
006468,Car
006469,Car
006470,Van
006471,Car
006472,Car
006473,Car
006474,Car
006475,Car
006476,Bicycle
006477,Boat
006478,Motorcycle
006479,Car
006480,Car
006481,Car
006482,Boat
006483,Car
006484,Boat
006485,Tank
006486,Helicopter
006487,Car
006488,Van
006489,Car
006490,Caterpillar
006491,Boat
006492,Car
006493,Car
006494,Truck
006495,Car
006496,Car
006497,Helicopter
006498,Car
006499,Car
006500,Boat
006501,Car
006502,Helicopter
006503,Boat
006504,Boat
006505,Car
006506,Bus
006507,Boat
006508,Car
006509,Car
006510,Motorcycle
006511,Boat
006512,Boat
006513,Car
006514,Car
006515,Van
006516,Car
006517,Bus
006518,Segway
006519,Boat
006520,Boat
006521,Boat
006522,Helicopter
006523,Car
006524,Helicopter
006525,Car
006526,Car
006527,Car
006528,Car
006529,Car
006530,Car
006531,Car
006532,Car
006533,Car
006534,Car
006535,Car
006536,Helicopter
006537,Bicycle
006538,Boat
006539,Bicycle
006540,Truck
006541,Boat
006542,Van
006543,Car
006544,Bus
006545,Car
006546,Boat
006547,Car
006548,Bicycle
006549,Car
006550,Boat
006551,Motorcycle
006552,Car
006553,Car
006554,Car
006555,Truck
006556,Car
006557,Car
006558,Car
006559,Car
006560,Car
006561,Car
006562,Boat
006563,Car
006564,Bus
006565,Car
006566,Helicopter
006567,Car
006568,Motorcycle
006569,Boat
006570,Truck
006571,Car
006572,Car
006573,Bicycle
006574,Car
006575,Car
006576,Car
006577,Car
006578,Car
006579,Car
006580,Truck
006581,Car
006582,Car
006583,Car
006584,Boat
006585,Motorcycle
006586,Car
006587,Truck
006588,Car
006589,Boat
006590,Boat
006591,Car
006592,Car
006593,Car
006594,Car
006595,Car
006596,Truck
006597,Bicycle
006598,Van
006599,Truck
006600,Bicycle
006601,Car
006602,Car
006603,Car
006604,Car
006605,Helicopter
006606,Boat
006607,Truck
006608,Boat
006609,Car
006610,Car
006611,Boat
006612,Boat
006613,Boat
006614,Boat
006615,Boat
006616,Car
006617,Boat
006618,Car
006619,Helicopter
006620,Taxi
006621,Helicopter
006622,Tank
006623,Car
006624,Bicycle
006625,Car
006626,Car
006627,Car
006628,Car
006629,Boat
006630,Bicycle
006631,Caterpillar
006632,Boat
006633,Car
006634,Boat
006635,Truck
006636,Car
006637,Car
006638,Car
006639,Car
006640,Car
006641,Car
006642,Car
006643,Car
006644,Caterpillar
006645,Bicycle
006646,Helicopter
006647,Helicopter
006648,Boat
006649,Car
006650,Truck
006651,Car
006652,Car
006653,Truck
006654,Bus
006655,Car
006656,Boat
006657,Motorcycle
006658,Car
006659,Car
006660,Car
006661,Boat
006662,Car
006663,Car
006664,Boat
006665,Car
006666,Car
006667,Car
006668,Taxi
006669,Bicycle
006670,Car
006671,Boat
006672,Car
006673,Car
006674,Boat
006675,Van
006676,Car
006677,Motorcycle
006678,Car
006679,Helicopter
006680,Car
006681,Boat
006682,Truck
006683,Truck
006684,Boat
006685,Truck
006686,Car
006687,Car
006688,Car
006689,Motorcycle
006690,Car
006691,Car
006692,Helicopter
006693,Van
006694,Car
006695,Car
006696,Boat
006697,Car
006698,Bicycle
006699,Car
006700,Boat
006701,Car
006702,Car
006703,Car
006704,Car
006705,Car
006706,Van
006707,Boat
006708,Bicycle
006709,Boat
006710,Boat
006711,Car
006712,Car
006713,Truck
006714,Boat
006715,Car
006716,Helicopter
006717,Boat
006718,Car
006719,Car
006720,Car
006721,Motorcycle
006722,Motorcycle
006723,Truck
006724,Car
006725,Car
006726,Truck
006727,Boat
006728,Boat
006729,Car
006730,Car
006731,Bicycle
006732,Car
006733,Car
006734,Boat
006735,Bus
006736,Car
006737,Car
006738,Boat
006739,Truck
006740,Car
006741,Car
006742,Car
006743,Truck
006744,Van
006745,Boat
006746,Car
006747,Car
006748,Barge
006749,Car
006750,Car
006751,Boat
006752,Car
006753,Boat
006754,Motorcycle
006755,Motorcycle
006756,Car
006757,Car
006758,Car
006759,Bicycle
006760,Truck
006761,Boat
006762,Car
006763,Bicycle
006764,Truck
006765,Car
006766,Motorcycle
006767,Car
006768,Boat
006769,Car
006770,Car
006771,Car
006772,Car
006773,Truck
006774,Car
006775,Car
006776,Car
006777,Helicopter
006778,Boat
006779,Helicopter
006780,Car
006781,Car
006782,Car
006783,Car
006784,Car
006785,Helicopter
006786,Car
006787,Boat
006788,Boat
006789,Car
006790,Car
006791,Segway
006792,Bicycle
006793,Tank
006794,Motorcycle
006795,Helicopter
006796,Car
006797,Car
006798,Helicopter
006799,Tank
006800,Car
006801,Boat
006802,Car
006803,Car
006804,Car
006805,Bicycle
006806,Car
006807,Car
006808,Motorcycle
006809,Car
006810,Truck
006811,Boat
006812,Car
006813,Bicycle
006814,Car
006815,Car
006816,Boat
006817,Car
006818,Motorcycle
006819,Car
006820,Car
006821,Car
006822,Boat
006823,Bicycle
006824,Car
006825,Car
006826,Bicycle
006827,Boat
006828,Snowmobile
006829,Car
006830,Car
006831,Caterpillar
006832,Boat
006833,Car
006834,Car
006835,Motorcycle
006836,Truck
006837,Van
006838,Truck
006839,Boat
006840,Snowmobile
006841,Car
006842,Truck
006843,Car
006844,Car
006845,Bus
006846,Car
006847,Boat
006848,Boat
006849,Boat
006850,Van
006851,Car
006852,Car
006853,Car
006854,Boat
006855,Motorcycle
006856,Helicopter
006857,Boat
006858,Car
006859,Boat
006860,Truck
006861,Truck
006862,Boat
006863,Car
006864,Van
006865,Truck
006866,Taxi
006867,Car
006868,Car
006869,Car
006870,Car
006871,Car
006872,Boat
006873,Car
006874,Motorcycle
006875,Boat
006876,Truck
006877,Boat
006878,Car
006879,Taxi
006880,Truck
006881,Car
006882,Boat
006883,Car
006884,Bicycle
006885,Car
006886,Truck
006887,Car
006888,Boat
006889,Car
006890,Bicycle
006891,Truck
006892,Boat
006893,Car
006894,Car
006895,Boat
006896,Bicycle
006897,Car
006898,Truck
006899,Boat
006900,Car
006901,Truck
006902,Car
006903,Truck
006904,Boat
006905,Car
006906,Car
006907,Truck
006908,Motorcycle
006909,Car
006910,Bicycle
006911,Car
006912,Car
006913,Car
006914,Car
006915,Car
006916,Boat
006917,Van
006918,Car
006919,Van
006920,Car
006921,Boat
006922,Car
006923,Car
006924,Boat
006925,Car
006926,Car
006927,Truck
006928,Truck
006929,Truck
006930,Car
006931,Truck
006932,Car
006933,Car
006934,Motorcycle
006935,Car
006936,Car
006937,Car
006938,Car
006939,Tank
006940,Car
006941,Boat
006942,Van
006943,Car
006944,Car
006945,Car
006946,Car
006947,Truck
006948,Caterpillar
006949,Car
006950,Car
006951,Car
006952,Truck
006953,Car
006954,Helicopter
006955,Bicycle
006956,Van
006957,Bus
006958,Bicycle
006959,Car
006960,Car
006961,Boat
006962,Boat
006963,Bus
006964,Bicycle
006965,Car
006966,Bus
006967,Helicopter
006968,Van
006969,Car
006970,Bus
006971,Bus
006972,Bus
006973,Boat
006974,Car
006975,Boat
006976,Car
006977,Car
006978,Tank
006979,Boat
006980,Helicopter
006981,Boat
006982,Boat
006983,Car
006984,Car
006985,Car
006986,Car
006987,Car
006988,Truck
006989,Car
006990,Segway
006991,Boat
006992,Car
006993,Taxi
006994,Car
006995,Boat
006996,Car
006997,Motorcycle
006998,Car
006999,Motorcycle
007000,Car
007001,Car
007002,Van
007003,Motorcycle
007004,Boat
007005,Car
007006,Bicycle
007007,Truck
007008,Car
007009,Car
007010,Car
007011,Car
007012,Car
007013,Van
007014,Boat
007015,Car
007016,Van
007017,Car
007018,Car
007019,Bicycle
007020,Car
007021,Truck
007022,Boat
007023,Boat
007024,Truck
007025,Car
007026,Boat
007027,Truck
007028,Helicopter
007029,Car
007030,Boat
007031,Boat
007032,Car
007033,Boat
007034,Car
007035,Car
007036,Bus
007037,Car
007038,Boat
007039,Boat
007040,Car
007041,Car
007042,Van
007043,Car
007044,Car
007045,Boat
007046,Car
007047,Car
007048,Van
007049,Taxi
007050,Motorcycle
007051,Car
007052,Car
007053,Car
007054,Car
007055,Motorcycle
007056,Boat
007057,Car
007058,Car
007059,Helicopter
007060,Boat
007061,Boat
007062,Ambulance
007063,Truck
007064,Motorcycle
007065,Truck
007066,Boat
007067,Car
007068,Car
007069,Boat
007070,Bus
007071,Car
007072,Boat
007073,Boat
007074,Bicycle
007075,Car
007076,Van
007077,Car
007078,Boat
007079,Van
007080,Bus
007081,Boat
007082,Car
007083,Car
007084,Car
007085,Car
007086,Boat
007087,Truck
007088,Ambulance
007089,Bicycle
007090,Car
007091,Bicycle
007092,Car
007093,Motorcycle
007094,Bus
007095,Car
007096,Car
007097,Boat
007098,Car
007099,Boat
007100,Car
007101,Boat
007102,Motorcycle
007103,Boat
007104,Car
007105,Van
007106,Car
007107,Van
007108,Car
007109,Tank
007110,Boat
007111,Car
007112,Car
007113,Boat
007114,Car
007115,Car
007116,Van
007117,Car
007118,Car
007119,Car
007120,Car
007121,Car
007122,Car
007123,Car
007124,Motorcycle
007125,Boat
007126,Car
007127,Car
007128,Bus
007129,Car
007130,Boat
007131,Helicopter
007132,Car
007133,Boat
007134,Helicopter
007135,Car
007136,Car
007137,Truck
007138,Tank
007139,Caterpillar
007140,Bicycle
007141,Car
007142,Helicopter
007143,Car
007144,Car
007145,Car
007146,Car
007147,Car
007148,Truck
007149,Motorcycle
007150,Van
007151,Boat
007152,Bicycle
007153,Boat
007154,Car
007155,Car
007156,Car
007157,Boat
007158,Boat
007159,Segway
007160,Motorcycle
007161,Car
007162,Car
007163,Car
007164,Truck
007165,Tank
007166,Van
007167,Van
007168,Car
007169,Car
007170,Car
007171,Boat
007172,Car
007173,Motorcycle
007174,Motorcycle
007175,Truck
007176,Truck
007177,Bus
007178,Car
007179,Car
007180,Boat
007181,Truck
007182,Tank
007183,Car
007184,Truck
007185,Bus
007186,Car
007187,Boat
007188,Car
007189,Boat
007190,Boat
007191,Van
007192,Bicycle
007193,Boat
007194,Car
007195,Truck
007196,Helicopter
007197,Car
007198,Truck
007199,Car
007200,Boat
007201,Van
007202,Car
007203,Car
007204,Car
007205,Car
007206,Van
007207,Motorcycle
007208,Bus
007209,Boat
007210,Truck
007211,Car
007212,Helicopter
007213,Boat
007214,Car
007215,Bus
007216,Car
007217,Car
007218,Boat
007219,Helicopter
007220,Car
007221,Boat
007222,Truck
007223,Boat
007224,Boat
007225,Car
007226,Car
007227,Truck
007228,Taxi
007229,Car
007230,Car
007231,Car
007232,Car
007233,Boat
007234,Caterpillar
007235,Car
007236,Boat
007237,Motorcycle
007238,Car
007239,Boat
007240,Car
007241,Car
007242,Car
007243,Bus
007244,Van
007245,Car
007246,Car
007247,Car
007248,Bus
007249,Car
007250,Car
007251,Boat
007252,Car
007253,Car
007254,Bicycle
007255,Helicopter
007256,Boat
007257,Boat
007258,Boat
007259,Boat
007260,Caterpillar
007261,Car
007262,Car
007263,Car
007264,Car
007265,Boat
007266,Car
007267,Boat
007268,Motorcycle
007269,Car
007270,Truck
007271,Car
007272,Tank
007273,Car
007274,Van
007275,Car
007276,Car
007277,Car
007278,Car
007279,Segway
007280,Car
007281,Boat
007282,Boat
007283,Boat
007284,Car
007285,Helicopter
007286,Truck
007287,Motorcycle
007288,Car
007289,Helicopter
007290,Car
007291,Car
007292,Motorcycle
007293,Van
007294,Truck
007295,Car
007296,Van
007297,Car
007298,Car
007299,Car
007300,Bus
007301,Car
007302,Truck
007303,Bus
007304,Taxi
007305,Snowmobile
007306,Motorcycle
007307,Bicycle
007308,Boat
007309,Motorcycle
007310,Car
007311,Bus
007312,Car
007313,Car
007314,Boat
007315,Motorcycle
007316,Truck
007317,Boat
007318,Car
007319,Boat
007320,Van
007321,Car
007322,Car
007323,Boat
007324,Van
007325,Car
007326,Van
007327,Motorcycle
007328,Motorcycle
007329,Motorcycle
007330,Bus
007331,Bus
007332,Car
007333,Motorcycle
007334,Car
007335,Car
007336,Car
007337,Bicycle
007338,Bus
007339,Car
007340,Helicopter
007341,Truck
007342,Van
007343,Van
007344,Truck
007345,Car
007346,Car
007347,Motorcycle
007348,Truck
007349,Car
007350,Car
007351,Boat
007352,Snowmobile
007353,Car
007354,Truck
007355,Car
007356,Helicopter
007357,Caterpillar
007358,Motorcycle
007359,Car
007360,Car
007361,Car
007362,Bicycle
007363,Car
007364,Helicopter
007365,Car
007366,Car
007367,Boat
007368,Bicycle
007369,Helicopter
007370,Boat
007371,Boat
007372,Boat
007373,Car
007374,Car
007375,Car
007376,Helicopter
007377,Boat
007378,Van
007379,Bicycle
007380,Car
007381,Bicycle
007382,Car
007383,Car
007384,Car
007385,Car
007386,Caterpillar
007387,Car
007388,Boat
007389,Boat
007390,Helicopter
007391,Car
007392,Car
007393,Truck
007394,Car
007395,Car
007396,Bicycle
007397,Car
007398,Car
007399,Car
007400,Car
007401,Car
007402,Van
007403,Boat
007404,Bus
007405,Car
007406,Car
007407,Motorcycle
007408,Car
007409,Bus
007410,Van
007411,Car
007412,Helicopter
007413,Bus
007414,Helicopter
007415,Bus
007416,Helicopter
007417,Car
007418,Boat
007419,Car
007420,Boat
007421,Car
007422,Car
007423,Car
007424,Car
007425,Car
007426,Car
007427,Car
007428,Car
007429,Boat
007430,Truck
007431,Boat
007432,Bicycle
007433,Car
007434,Car
007435,Car
007436,Van
007437,Boat
007438,Truck
007439,Boat
007440,Car
007441,Car
007442,Segway
007443,Car
007444,Taxi
007445,Car
007446,Bicycle
007447,Boat
007448,Motorcycle
007449,Car
007450,Car
007451,Boat
007452,Van
007453,Boat
007454,Car
007455,Car
007456,Motorcycle
007457,Motorcycle
007458,Tank
007459,Boat
007460,Truck
007461,Segway
007462,Boat
007463,Bicycle
007464,Ambulance
007465,Bicycle
007466,Car
007467,Bicycle
007468,Helicopter
007469,Bicycle
007470,Boat
007471,Car
007472,Car
007473,Motorcycle
007474,Motorcycle
007475,Boat
007476,Car
007477,Car
007478,Motorcycle
007479,Car
007480,Bicycle
007481,Truck
007482,Car
007483,Helicopter
007484,Car
007485,Bus
007486,Car
007487,Boat
007488,Car
007489,Helicopter
007490,Car
007491,Car
007492,Car
007493,Boat
007494,Car
007495,Boat
007496,Boat
007497,Car
007498,Tank
007499,Bus
007500,Boat
007501,Boat
007502,Car
007503,Car
007504,Boat
007505,Motorcycle
007506,Motorcycle
007507,Bicycle
007508,Van
007509,Car
007510,Car
007511,Car
007512,Car
007513,Car
007514,Car
007515,Bus
007516,Boat
007517,Boat
007518,Boat
007519,Car
007520,Helicopter
007521,Truck
007522,Bus
007523,Boat
007524,Car
007525,Bicycle
007526,Truck
007527,Boat
007528,Car
007529,Car
007530,Car
007531,Motorcycle
007532,Van
007533,Car
007534,Boat
007535,Car
007536,Car
007537,Car
007538,Helicopter
007539,Car
007540,Car
007541,Car
007542,Car
007543,Boat
007544,Car
007545,Car
007546,Car
007547,Car
007548,Boat
007549,Car
007550,Bus
007551,Car
007552,Car
007553,Truck
007554,Caterpillar
007555,Helicopter
007556,Car
007557,Boat
007558,Boat
007559,Car
007560,Car
007561,Car
007562,Bicycle
007563,Car
007564,Helicopter
007565,Car
007566,Car
007567,Boat
007568,Car
007569,Boat
007570,Bicycle
007571,Car
007572,Van
007573,Van
007574,Truck
007575,Truck
007576,Car
007577,Helicopter
007578,Car
007579,Helicopter
007580,Boat
007581,Car
007582,Car
007583,Car
007584,Car
007585,Car
007586,Car
007587,Motorcycle
007588,Boat
007589,Van
007590,Bicycle
007591,Boat
007592,Car
007593,Helicopter
007594,Motorcycle
007595,Boat
007596,Truck
007597,Boat
007598,Car
007599,Van
007600,Car
007601,Car
007602,Car
007603,Boat
007604,Van
007605,Bus
007606,Van
007607,Bus
007608,Bicycle
007609,Car
007610,Car
007611,Boat
007612,Helicopter
007613,Car
007614,Bicycle
007615,Boat
007616,Car
007617,Car
007618,Helicopter
007619,Boat
007620,Car
007621,Boat
007622,Car
007623,Boat
007624,Snowmobile
007625,Car
007626,Truck
007627,Car
007628,Car
007629,Car
007630,Car
007631,Car
007632,Car
007633,Car
007634,Car
007635,Helicopter
007636,Helicopter
007637,Boat
007638,Truck
007639,Car
007640,Car
007641,Car
007642,Boat
007643,Motorcycle
007644,Car
007645,Motorcycle
007646,Boat
007647,Motorcycle
007648,Car
007649,Car
007650,Boat
007651,Car
007652,Taxi
007653,Car
007654,Car
007655,Car
007656,Motorcycle
007657,Boat
007658,Helicopter
007659,Van
007660,Boat
007661,Car
007662,Motorcycle
007663,Car
007664,Van
007665,Car
007666,Car
007667,Car
007668,Car
007669,Motorcycle
007670,Car
007671,Car
007672,Car
007673,Car
007674,Bicycle
007675,Car
007676,Boat
007677,Van
007678,Car
007679,Car
007680,Helicopter
007681,Car
007682,Boat
007683,Car
007684,Bicycle
007685,Bicycle
007686,Car
007687,Car
007688,Car
007689,Car
007690,Car
007691,Boat
007692,Car
007693,Car
007694,Car
007695,Truck
007696,Car
007697,Car
007698,Truck
007699,Boat
007700,Car
007701,Motorcycle
007702,Truck
007703,Truck
007704,Car
007705,Truck
007706,Truck
007707,Car
007708,Car
007709,Car
007710,Bicycle
007711,Boat
007712,Motorcycle
007713,Boat
007714,Car
007715,Car
007716,Car
007717,Car
007718,Car
007719,Car
007720,Car
007721,Car
007722,Van
007723,Car
007724,Car
007725,Motorcycle
007726,Truck
007727,Car
007728,Truck
007729,Tank
007730,Bicycle
007731,Car
007732,Bicycle
007733,Boat
007734,Bicycle
007735,Car
007736,Car
007737,Bus
007738,Boat
007739,Boat
007740,Bus
007741,Boat
007742,Tank
007743,Bicycle
007744,Car
007745,Boat
007746,Car
007747,Car
007748,Boat
007749,Bicycle
007750,Boat
007751,Boat
007752,Boat
007753,Car
007754,Car
007755,Boat
007756,Car
007757,Bicycle
007758,Car
007759,Boat
007760,Car
007761,Motorcycle
007762,Van
007763,Boat
007764,Boat
007765,Car
007766,Truck
007767,Car
007768,Car
007769,Car
007770,Car
007771,Boat
007772,Bus
007773,Car
007774,Boat
007775,Bicycle
007776,Car
007777,Truck
007778,Segway
007779,Car
007780,Bicycle
007781,Van
007782,Bus
007783,Car
007784,Car
007785,Car
007786,Boat
007787,Boat
007788,Motorcycle
007789,Car
007790,Truck
007791,Car
007792,Car
007793,Boat
007794,Truck
007795,Car
007796,Car
007797,Car
007798,Tank
007799,Boat
007800,Van
007801,Caterpillar
007802,Boat
007803,Van
007804,Bus
007805,Car
007806,Caterpillar
007807,Car
007808,Bus
007809,Car
007810,Boat
007811,Car
007812,Boat
007813,Boat
007814,Boat
007815,Car
007816,Truck
007817,Car
007818,Car
007819,Car
007820,Car
007821,Truck
007822,Car
007823,Car
007824,Car
007825,Van
007826,Car
007827,Car
007828,Bus
007829,Boat
007830,Car
007831,Motorcycle
007832,Car
007833,Car
007834,Car
007835,Truck
007836,Motorcycle
007837,Bus
007838,Truck
007839,Helicopter
007840,Boat
007841,Car
007842,Car
007843,Motorcycle
007844,Car
007845,Car
007846,Bicycle
007847,Truck
007848,Car
007849,Car
007850,Car
007851,Truck
007852,Boat
007853,Car
007854,Car
007855,Segway
007856,Car
007857,Car
007858,Helicopter
007859,Boat
007860,Car
007861,Car
007862,Bicycle
007863,Motorcycle
007864,Car
007865,Bicycle
007866,Car
007867,Motorcycle
007868,Tank
007869,Car
007870,Car
007871,Car
007872,Boat
007873,Car
007874,Car
007875,Boat
007876,Car
007877,Van
007878,Truck
007879,Boat
007880,Motorcycle
007881,Boat
007882,Boat
007883,Caterpillar
007884,Boat
007885,Caterpillar
007886,Van
007887,Car
007888,Car
007889,Caterpillar
007890,Motorcycle
007891,Car
007892,Car
007893,Car
007894,Helicopter
007895,Motorcycle
007896,Tank
007897,Car
007898,Tank
007899,Boat
007900,Car
007901,Motorcycle
007902,Car
007903,Car
007904,Helicopter
007905,Car
007906,Car
007907,Truck
007908,Car
007909,Helicopter
007910,Truck
007911,Car
007912,Helicopter
007913,Car
007914,Car
007915,Boat
007916,Boat
007917,Car
007918,Car
007919,Car
007920,Car
007921,Helicopter
007922,Boat
007923,Boat
007924,Boat
007925,Helicopter
007926,Motorcycle
007927,Car
007928,Car
007929,Car
007930,Car
007931,Car
007932,Bus
007933,Boat
007934,Boat
007935,Car
007936,Car
007937,Truck
007938,Helicopter
007939,Car
007940,Car
007941,Car
007942,Van
007943,Bicycle
007944,Car
007945,Boat
007946,Car
007947,Truck
007948,Car
007949,Car
007950,Boat
007951,Car
007952,Car
007953,Bus
007954,Bicycle
007955,Van
007956,Boat
007957,Boat
